,lowest_comment
0,"即便已经降低期待值，内心还是毫无波动，甚至翻了十几个白眼，感觉这届观众对DC特别宽容。充其量跟过誉的《神奇女侠》打个平手，说《蝙蝠侠》以后DC最佳我已经大跌眼镜，还拿它跟《指环王》相提并论，How dare u?搞几场模式化的大阵仗、扯个宏大世界观就叫史诗感？
不过黑豹+雷神mix而已，核心故事是一个武夫捡了黄金装备以后，轻松打败白银装备然后靠血统称王，没看到一点人物弧光，价值观也是陈腐的。叙事处处落入窠臼，三条故事线基本上各自为政，而爱情和亲情的情感线也是羸弱不堪的，你所谓的叙事效率高在我这只觉得冗长。
发完这条肯定有人觉得我是对面漫威派来的黑粉，但是我要告诉大家，我爱《蝙蝠侠》，我也爱渣导的MoS和BVS，那里面有人性的挣扎和纠缠，但是《海王》没有。21世纪的超英片绝不能止步于视觉奇观。"
1,画面很美，剧情好无聊啊，好想睡觉💤！
2,太傻了，太傻了，真的太傻了。DC拍来拍去，依然只知道毁东西。你告诉我：水下战斗和超人砸楼，有啥区别？？？海王完全是个纸片人设，毫无辨识度。没错，选个好的IMAX厅，是能爽到，但依然，太傻了，太傻了，真的太傻了。
3,一锅无聊的大杂烩。换汤不换药的故事，艳丽廉价的农家乐审美，以及徐锦江演超级英雄真的很难让人投入哎。
4,实在太难看了，我真是受不了这种题材。我坐在影院里都开始有哲学疑问了，我这么大岁数，去看这个干什么？这帮演员这么大岁数，演这个干什么？到最后那一幕，海神都耍起金箍棒了我的天啊。
5,海底世界的美轮美奂与人物塑造的平庸，是最大的两极。逗贱耍萌已成为近年超级英雄取悦大众的标配，跟风无法让海王自卑又略带玩世不恭的个性立体，你感受不到他对人类、亚特兰蒂斯臣民、海洋生物有任何的情感，他只是一个为满足导演私欲纯在的玩具，急于炫技元素太多，让整部电影的风格变得异常不舒服。那句“今天以战争开始，却以欢乐结束”的台词令人恨不得抽她两个耳光。观影后集体鼓掌的，估计和前任3哭晕在座位要打120的是同一批人。
6,观众如同许愿池边的小女孩，被导演变出来的特效技法唬住。开头水族馆里小海王召唤众鱼热泪盈眶，从五分钟以后沦为空洞游戏资料片。满脸写着赶进度呢，特别着急。谈恋爱很敷衍，见到生母也没空寒暄，三叉戟的守护怪兽竟然因为语言相通就顶礼膜拜，万一人家就是个翻译呢？好一出王子上位戏码，无聊透顶。
7,DC的玩意真是无论谁搞都显得那么二流，剧本人物台词极其弱蠢差。温子仁把魔科奇幻的电影或游戏元素弄了个大杂烩，从开头到结尾每一处都能说出借鉴（还是抄袭？）的来源出处。漫威的英雄从不需要人鼓励，也更不会说我不行。这就是两者气质上最大的差异。
8,《啊，垮男》…
9,非常无聊，看出来了，你们都在演戏，反派最可怜，只能配合演出，实在让人心疼。人物内在动机毫无说服力，设定一塌糊涂，最后还不是大家屈服于淫威和权力之下。不值票钱
10,真不敢相信我生日这天看了这么个玩意儿 罪过
11,陪女朋友熬夜看的首映，看得直打瞌睡😪，什么鬼
12,很难看。从概念设计到人物设定全是小儿科，情节推进也不连贯，最关键是审美令人发指，别说比肩《指环王》了，连《西游记》东海龙宫那段都比不了。另外现在谁都能看点映是吗？还写进影史，说这话得多没见识……温子仁就算有上百亿票房，也是个小导演。（看出温导演是华裔了，把春晚搬海里去了都
13,短评那家伙给吹的，海王要是不拿他十几二十个奥斯卡都对不起这波吹
14,你们真的不觉得好几场戏演得好尬吗……而且各种电子游戏质感……疯狂出戏……看在豆瓣友邻均分也上了八分才去看的……WTF……我选择死亡……你们怎么集体失灵了……什么迷魂汤劲儿这么大啊……（然后看完隔了一天再看友邻评分：7.2，恢复了正常……更新：友邻分已降至7.0）
15,超级英雄的外衣下，还是古希腊神话延续至今的烂梗：“半人半神”的混血王子，半道上杀出来逼宫夺嫡。这个视效炫酷，还担不起五星级好评。未来几年，真正能在视效语言上革新换代的，可能还得看詹姆斯-卡梅隆。
16,又名，海洋版《钢铁之躯》。保底20亿？挑战《指环王》？那麻烦你解释下穿件保暖内衣即是战甲，拿个发光小水枪在那儿piupiupiu滋来滋去又是几个意思？我不觉得把赛博工艺和海洋文明结合起来是个明智选择，而且呀，鱼人不应该都是渔人国那样才符合海洋基本法么？你瞧，这部电影告诉了你会多门语言的重要性，因为搞不好，你将有几率获得屎黄色皮肤和一个镀金装备。嗯，既然是讲的荒原狼之后的事儿，红色披风的那位请过来不就搞定了吗？所以T2级的角色就是这么费劲。最后想说的是：对王权的崇拜是一种癌。
17,啊？看的是同一部电影吗？人生首次放弃睡眠帝都大冷天首映就给我看这个？温导您可能自己都不知道剪辑出来是什么吧，典型的情绪不够音乐来凑，雷同冗繁的弦乐铺排造成的听觉疲劳比毫无意义的大场面所带来的视觉污染更超前。这个题材要么可以往指环王方向借鉴，亚特兰王放逐千年守卫三叉戟，闻者伤心见者泪下，然后就被这个邋遢小哥直接拔走了，就因为他懂海底生物语言吗？这之间有任何逻辑关联吗；要么或者往人类污染上靠，直接挂靠一福岛核泄漏事件，闻者惊心见者反思，结果开头叽叽喳喳营造的污染大阴谋到片末的反思效果可能有半个《美人鱼》吧……砸了，彻底砸了，DC十年之内不要想赶超漫威。温子仁不是神，中小成本导演只能在细节上做点功夫救不了整个系列就像冯小刚救不了春晚一样。评论里尬夸太多请大家擦亮明亮的双眼，140分钟做点什么不好。
18,"骗钱都骗出口碑来了，还不如《神奇畜生在哪里》烂得单纯。
唯一值得称赞的是沙漠的段落和父母爱情戏；在西西里打打杀杀你们去死吧。"
19,私生子憨厚老实哥抢了正版高富帅弟弟的王位和老婆 打五星的三观看不懂
20,一片混乱，神话、魔幻、超人、怪兽、异形的大杂烩，还有中国功夫，西洋神拳。所谓的海王，不过傻、大、笨、猛。广告吹嘘的海底世界，模模糊糊，傻傻看不清楚。
21,2018老明星美颜爆发年
22,看一堆海鲜乒乒乓乓打了两个多小时，然后陷入了深深的思考：关我毛事？我为什么要坐在这里看这些？我没有更好的事可做了吗？我的生活出了什么问题？
23,我真的是dc粉，但这剧情真的跟雷神没多大区别，到底哪来脸吹仅次于黑暗骑士和海底阿凡达？还有吹像指环王的，这部一看就是特效团队堆出来的爆米花毫无人性光辉的电影到底哪一点像指环王？可能我自带杰克苏/玛丽苏免疫，对男主这种血统流和装备流玩家毫无好感，这些年大家看更加无脑的复联看太多，才会对这部如此拍案叫好，还说是dc翻身之作，可见之前dc的那些拍得到底有多差。
24,文戏太尬！台词和剧情发展都没有达到可以接受的基本水平。特效真的不错，好到让我感到很可惜，因为宏大的场景只会让我觉得“这他妈是想干什么”。喜欢一门心思看海底世界和星球大战的强烈推荐，对超级英雄的剧情稍微有点要求的强烈不推荐。
25,我爸爸是灯塔守卫者美国，我妈妈是拥有智慧的英国女王，我爸爸和我妈妈的爱情拯救全人类。
26,DC确实找到了好的执行导演，将有限的预算炮制出还算可以吃的下的菜，也是一定意义上的胜利。最喜欢的是开头妮可在屋内战斗的戏，运用了游戏视角的镜头，在小空间里玩出不同的效果。温子仁的故事一直不行，它的恐怖片宇宙也是全靠技术镜头打开视觉格局（航拍、大摇臂、高速的反复运用），所以找他处理商业大片是对的路子，大有物美价廉的趋势。可惜的是，在这部电影里严重的审美不足，以及概念设定的陈旧，几乎没有任何一个场景可以说的充满创意或者设计感或者实感的美的，同样是原始部落套上科幻的概念，明显《黑豹》要结合的更好，具有原始与科幻的双重仪式感。故事层面，是许许多多电影都表达过的主题，它除了模仿其它电影的场面之外，完全无法钻研更深更广更真的故事，急匆匆的给人物和场景一个年代影片的亮相。
27,1. 剧情没有一丝新意。别说这是超级英雄片就允许剧情烂，DC的蝙蝠侠和Marvel的复仇者联盟3可是剧情片良心代表。本来人类对环境污染这个主题可以深挖一下，但在打打杀杀的荷尔蒙充斥中显得特别一笔掠过 2. 音乐和台词俗不可耐，为了让人哭而铺垫的音乐，和没有营养的台词，加以笑不出来的笑点，让我在电影院坐立难耐 3. 唯一值得称颂的是DC的选角，太服气了
28,1星给特效。男主完全没有吸引我的地方……眉拉很漂亮。
29,？？？还能和诺兰的蝙蝠侠比上了？？什么情况？整个故事套路得不行，情感假大空，主题毫无新意，英雄背景乐和光彩诡异地铺满了整个后半段。唯一精彩的看点是意大利小镇的打戏和水中虾兵蟹将的升级版概念设计。
30,作为粗糙影像消费品，量大口味重，一开始卖得好是很自然而然；时间久了，食客还没有吃厌，那可能就真是没吃精致料理的命了。
31,在取悦观众的方式上和《巨齿鲨》是没有区别的，无非预算高些，不能忍的是满屏跑马灯光污染、发光乳胶连体衣、塑料玩具过家家、配乐毫无节制难听到捂耳朵、跟JL一样赶工似的（甚至不如5年前环太平洋）五毛特效——扎克·施耐德才撒手一年DC连基本的审美底线都捅穿了，傻B华纳鼠目寸光。@卢米埃长楹天街LD Plus
32,呃，怎么说呢。本来不应该对这种类型的电影有期待，但是真的硬伤太多，剧情很傻。一言难尽的不好看啊。
33,DCEU的电影水准之稳定，就仿佛有一套ISO标准一样，这点你不得不服：故事一如既往不会说，梗一如既往不好笑。一部电影，几乎啥都没有，除了秀颜值就是毫无节制地填塞特效。我呸。
34,内幕消息：《海王》制作费高达1.6亿美元，编剧费低达1美元。
35,特效满分，剧情就…………嗯…………基本上可以概括为：做女人，要多看外面的世界，才能选对男人，眼界低的只能和250过
36,蠢
37,太难看了。跟环太平洋二一样难看吧。
38,除了海沟那段没有能看的地方，不知各位都是怎么吹出口的。
39,大部分时间觉得好蠢- - 最后点题不错
40,这服化道剧尴尬的跟上世纪日本特摄片似的，还抄了一大堆神秘海域，Patrick Wilson要是年轻十岁应该可以演loki那种小王子
41,为了不断变化的视觉奇观牺牲掉人物塑造和有序的节奏感，奉献出超英史上最烂文戏之一，海王兄弟可萌可猛还没有正义联盟里来得立体。兄弟阋墙，彩虹桥，踩着神兽们降临的海武神分分钟穿越到雷神。睡在鲸的肚子里，召唤鱼群才应该是大海之主的超能力啊为什么要给我看“亚瑟王与金箍棒”？海底异世界的美术设定完全无感，花哨却毫无想象力，音乐更是各种风格随意衔接，开篇灯塔上唱起歌，就觉得这片子可能不会好了……
42,我来告诉你们发生了什么，我对这种俗套的高大全半人半神兄弟相残幼稚阴谋打打闹闹傻逼导师总是东方道士头丑陋的海底黄金圣斗士盔甲以及各种流行元素都要来一点的屎一样的大杂烩一脚踢翻，我看睡着了，浪费了我生命中宝贵的两小时，就酱
43,我真实地在电影院睡着了……
44,这种想到一出是一出的编剧方式真的是我温过手的剧本么？！虽然镜头调度真的超游戏世代，但是形式大于内容的弊病真的比速激还要严重，速激好歹简单粗暴，这片粗暴却很繁琐。
45,不好看好吗，骗了我爆米花，中间还睡着了。故事情节真的是让人无力吐槽，人类污染了海洋的确值得吐槽，但你自己造那么多机械真的大丈夫?而且那个海王实在太像徐锦江了，男二也不帅，整部戏就打打打的，估计男生喜欢…看到那些螃蟹兵的时候莫名想要吃海鲜，温子仁很爱用密恐这一招…＃我真的很多OS＃
46,那么古典宏大的文本，活生生被温子仁拍成尬笑廉价莫名的影楼旅拍风格
47,太无聊了吧，无人物，剧情烂，网游也可以大肆以电影的身份上映了
48,感情相关桥段统统承包给尴尬症了。所有的角色都有点儿智障，海王这个moron最后当上king，不仅一干海产品们没怎么高兴，好像编导到了这里力气也都使完了，懒得敷衍一下。急得慢和德芙的抠像式表演也是够了。
49,实在无感，特效也没被击中，这就是阅片太多的坏处
50,把台词写好一点可以吗，要求不高，不尴尬就可以了
51,文戏真的超无聊，本质还是王子复仇记那一套，因为拍的晚了导致非常有黑豹+雷神的既视感，超英皇室就不能换个套路拍吗？特效吹的太过了，新亚特兰蒂斯水下城市简直是光污染，看多了眼睛酸，整部片子要到海沟族出来之后才变得好看一些，结尾炙烤螃蟹打小龙虾的海鲜大战看饿了，拿着海战当宇宙空间大战来打虽然算聪明，但也失了风味。海王糟汉子得太过了，样子也凶，似乎除了血统和侠义之外并无其他闪光点，还是湄拉有勇有谋有先见之明，支持美丽的湄拉登基。
52,想象力的极度缺乏造就这部电影。
53,一只幼稚的金箍棒
54,雷神+黑豹+精灵旅社3+功夫熊猫+一堆好莱坞商业片桥段的胡拼乱凑，毫无新意并且剧情混乱台词尴尬角色扁平，靠着背景音乐强行cue情绪，视觉更是俗掉渣的陈词滥调，可以说是DC的正常水平发挥了hehe
55,被外面的好评骗去影院。这弱智老套逻辑弱的人设和剧情能拿到8分让我怀疑豆瓣的品味。以打打打为卖点的武打水平低到让人无语。海底战士的制服设计一股塑料廉价感。特效画面后期让人疲劳。
56,喜欢海洋生物特效（加一星）；和神奇女侠一样真善美、假大空、喊口号，人物塑造全部依靠演员的路人缘，这大概就是新DC的风格。。。笑点居然只有预告里的几个；设定和本来就一览无余的流水账情节全靠几个配角的嘴介绍和推动；打斗没什么特色，地上水下都没啥区别；这几年反派只要动机是环保就都还挺能引起共情的（半颗星）；整体像是个拍及格了的三生三世十里桃花。。。
57,电影是什么？安德鲁在《电影是什么！》一书中提出了与库比特《电影特效》不同的电影观念：电影不是一种以特殊效果为主的媒介。我们有些人最关注（并且认为是整个电影事业之关键）的电影，有着一个和撒谎或煽动非常不同的任务：它们的目标在于发现、遭遇、直面、和启示。如果说譬如《海王》这样新生的数码视听文化危及了什么，那么就是对这种发现的旅程可能带来的遭遇的欣赏。
58,太好笑了加一颗星！今年看的最国产页游审美的片子了，一会贪玩蓝月，一会女神联盟，一会开局一条鲲，一会86版西游记，一会又是垃圾科幻游戏…一本正经地叙事，莫名其妙的好笑。我和同事在后半段都爆笑到抽筋，同事说“这部片，真是处处有惊喜呢”
59,这片怎么被舔成8分的？
60,怎么说呢。感觉就像荒野之息这种游戏时长至少200小时的游戏，拍了一个“三心一树枝直接干掉盖侬”的视频…😓
61,被评分骗了 幸好看的4D 全程震动+吹风就当坐按摩椅了 然鹅还是感觉像四个小时一样漫长 沐浴焚香就为看部好电影的周日白瞎了 
62,(｡ ́︿ ̀｡) 
63,即使是高中生爽片，这个也不算好看的
64,一锅从各方面来说都像大杂烩的乱炖 味道混在一起实在是吃不下...感觉更精简一点会好一些.....
65,在这个电影里，我仿佛看见了迪士尼公主、西游记龙宫、星战、侏罗纪公园…对了，还有蒙面超人（微笑
66,笑死我了吃俺一击大咖喱棒
67,突然有点理解吴京了，除了大制作以外，故事情节单调乏味到可以一口气再举出十部同类型的片子。不在剧情上下功夫，终究只是一部垃圾片。另外无论是DC还是漫威，如果都只是海王以及复联的水平，我只能说来一百部也比不上一卷冰与火之歌。
68,海王居然是个美帝版的无名之辈的故事啊，观众大概是返璞归真都更喜欢这种有点傻屌型的超级英雄，星爵大概也是类似吧。超级英雄如蝙蝠侠大概是极其之古典了。
69,故事毫无新意，8012年了还在讨论物种矛盾的命题，跟起点人魔混血的男主有什么区别？被吹上天的特效，也并没有超乎传统想象的海底奇观，所有的武器建筑都基于先进技术与高科技，这样乏味的想象力看的人昏昏欲睡，比起来更想看看住菠萝房子的海绵宝宝拯救世界。
70,服了，各种逻辑不通，各种低幼，观影全程在笑，看相声都没笑成这样。拥有先进武器的一个群体却没有一点文明，还讲究献祭？祭祀是古时候人们面对自然无能为力时做的一种试图解决问题的尝试，而不是为了惩罚，你们把女王推翻，不承认她，却又承认她世袭的儿子？杂交的比纯种的都厉害，那大家都去杂交呗。更别提那一叉子干掉人鱼样的诸侯就政变成功了，这尼玛也太容易了。最扯的是，这样先进的族群，其权力机构完全就是大猩猩丛林法则，两个王pk，草民看热闹，就差吃爆米花了，然后谁赢了就跟谁。古罗马斗兽场都是贵族观看奴隶取乐好么？全程都是蓄意任务模式，低幼得不能再低幼了。不要轻易搞大架构，你的故事承载不了太深的文化。这片和狮子王类似，但狮子王毫不尴尬，因为它本来就是丛林法则。你搞出个先进群体，却都是干猩猩智慧的事儿，我真是呸了！
71,并没有那么好看 人物动机不明朗 弟弟有野心有能力也跟你正大光明决斗 奈何未婚妻是个碧池给你戴绿帽 多年老臣是个二五仔 老妈也偏爱老哥 而男主一路跌跌撞撞傻傻笑笑统治海洋 开挂带着+10武器 氪金神兽一波反推 我为小老弟鸣不平
72,陆地到海里，海里到陆地，维科一语成谶道出电影真谛:水土不服。唬人的特效和浮夸的音效掩盖不住内核的潦草，黑豹式兄弟打斗毫无激情，闪回多得让人疲惫，剧情的拉扯就像那场激战一样戛然而止得让人摸不着头脑。
73,皮皮虾，冲鸭！
74,无聊透顶且尴尬至极的电影，看特效特效不好，看剧情单调老套，看造型.......emmm看到了一根剥了皮的玉米，以及酷似金角大王挥着金箍棒和银角大王的王位争夺战场面，各种槽点组合在一起明显就是把观众当成三岁小孩，纯当爆米花电影看都不及格，那些尬吹的人良心不会痛吗。
75,又是DC要崛起的一部，不拿他和以前的英雄电影比，就和最近的英雄电影毒液比，我觉得也半斤八两，这个电影整体的问题非常多，剧本方面没什么出彩的地方，甚至还有点bug，构图方面，大量用了许多以前英雄电影的镜头，人物建立的崩塌，尤其是那个黑胡椒，前面铺垫的这么足，结果就是一个跑龙套的，而且很多人都在说像什么海底的星战，我说你们省省吧，当初卢卡斯要这么拍星球大战，那这系列根本不可能成名。
76,不好，不好看。特效杂乱无章，没有一个统一的基调，故事内核低级。心疼二王子，下属是叛徒、妈妈偏爱大儿子、未婚妻跟别人跑了、自己的家园被人类袭击，想要保护被亲哥哥阻挠、明明靠实力打败了哥哥，但后者因为主角光环得到了圣器受到了万人敬仰，自己只能锒铛入狱。太惨了。
77,一星特效，一星风景，没了。我是被软文骗进去的，希望大家知道这是个坑。
78,服化道 配乐 演技 真不知哪个更艳俗浮夸~ 看完本片最有价值的感受：游泳健身了解一下…
79,送上对DC的赞美———好烂啊！
80,约三星。【剧透】号称比肩蝙蝠侠黑暗骑士的黑暗向作品，搞得我一开始还很期待，看完就感觉像吃多了油炸食品，齁腻反胃。主角一开场就nb得不行，全剧就没怎么受挫，其余人物也没什么心机，各种行为毫无解读的余地，人物形象0深度，全篇剧情0反转，你跟我说这是黑暗题材?黑暗在哪里哟！弟弟本来可以塑造得很好，硬是成了nc的暴君，这种没脑子的人物好意思当大反派吗？?打一星完全是因为失望！不仅对电影失望，对热烈捧赞的观众也很失望。
81,湄拉莫名其妙就为了一个从未见过的人抛弃已经是国王的未婚夫？？？海王莫名其妙就能拿到三叉戟，只因为他能和巨怪聊天？？？明明出身纯血，所做的一切也都是为了本族的利益，奥姆King做了什么要面临未婚妻跑路、谋臣背叛、母亲不支持？？？尬吹上天的特效也没看出来多好啊。如果继续吹这是DC的希望，那我宁愿DC没有希望。
82,两星……再也不看英雄电影了。人物刻画很平，里面所有的男主角都容易被女主的一句话就说服了呢😊
83,进trench kingdom奇观展现还不错，那个black manta好辣哦 感觉他随时可以脱掉丑盔甲加盟水晶宫！
84,我又睡着了啦 1216我改一下评分
85,一方面献礼改革开放，从破除文♂革♂时期的大一统到实现某种意义上的伟大飞跃，用海洋陆地全球命运共同体的红线连通，尤其是妮可最后圣母般的出场和自带高光的演讲词，瘆得头皮发麻不说，用两个多小时的体量也没能容纳完全，况且还夹杂着温子仁不少私货，再有，宣战理由并未不正当，转折点（拿武器称王）又显得轻巧，逻辑链断层，不知续集会做何解（其实一定程度属于无解）。一方面亚特兰蒂斯内部社会阶级过于鲜明，精英贵族似是享有不老特权，上层贵族能够在水陆两地生存，一般市民和低等动物一样只能依赖水源，甚至将军也只能把头伸进马桶保命，对贵族身份和“杂种”身份的对比强调更是过于封建化，包括角斗和献祭等，科技与思想的落差稍跳戏《黑豹》，于是乎开放的命题也呼之欲出。女主某些角度可太像斯嘉丽，配乐也太乱。
86,从头尴到尾，DC永远也翻不了身了
87,每隔两三年都会想重新尝试一下DC，结果也都一样。。
88,对不起我实在是欣赏不来这部世界观极其混乱全程充满尿点的DC巨制，原本以为是一个海底古老的故事，结果是一部星球大战+海底总动员+阿凡达+人猿泰山的家庭伦理圣母英雄史诗电影，八爪章鱼打鼓、酒瓶看地图和海盗自制苍蝇头盔那里真的笑出声好吗...唯一记住的是公主的红发贼好看身材真的好啊!!
89,就这！就这？极其普通的超英电影，流水线级别，蕉老师诚不欺我……后面甚至跌到《神权之眼》，逻辑全无……女主被塑造得极像斯佳丽，极力模仿成功案例……只要观众对巨神兵、超能类的电影还未疲劳，这类电影就会越来越多吧。想问一句：Raj吐槽的Aquaman喝尿，Aquaman sucks，是真事儿么 2333
90,画面：五星！剧情：这tm啥玩意？？？
91,海鲜大乱斗，水族主义电影。
92,严肃对话必然被爆炸粗暴打断，不需要理由的瞬间位移，一味追求大片拼贴的视效，真的是让人一言难尽。国内票房和口碑都让我百思不得其解。
93,在轰隆隆的大决斗声中睡着了。人体构造就不适合水下生活啊，一切都很不合理。
94,一个虾兵蟹将，鱼鳖虾蟹，牛郎织女和每隔两分钟狂轰滥炸的最烂俗超人电影！本想给三星，因为画面漂亮想加一星，但是不想鼓励电影仅靠画面而忽略剧情的风气，只给两星。
95,作为一部之前并未铺垫过的独立英雄电影，难道不应该多花点笔墨塑造这个英雄如何长大，如何认知自我身份，如何与人类(陆地)世界的交往沟通and与海底世界(根源)的联系？人物刻画基本没有，动机生硬，没有情感共鸣，配乐乱穿，桥段老套还不好好写。所谓炫酷的海底世界还不如千星之城，一星给今年本来还挺期待的海王。左转看看你家的wonder woman→
96,很多设定都让我觉得很违和，人物塑造也都很无趣，很空很假，没有灵魂，除了海王pose都摆得挺好看的，我一直对海底世界超级着迷，所以期望越大失望越大。还是躲被子里看加勒比海盗吧。。。（一周没到，我又去二刷了，还是觉得挺烂的，不过有几个特效还行
97,花两小时看着么蠢的特效大片 还不如在家看jojo
98,告诉我，什么烟花还能防水？都什么时候了还能有心思接吻？为什么海底世界看似高度文明，然而思维还停留在原始社会？光看特效我真的爽不起来，这剧情也能十几个亿。。。
99,剧情傻兮兮的
100,看睡着了！好无聊的故事！
101,"宝刀屠龙，号令天下，谁敢不从
屠龙宝刀，点击就送😂"
102,徐锦江的脸不是我的菜，艾梅伯的颜值和人品不搭，没有大家说的那么好看。
103,美术一言难尽，做得特别满，风格混乱，海底的宏达丝毫没有感觉。人物特别单面单薄，立不住，无法从感情上理解这一切。真的是lazy writing和lazy filming。
104,导演的选歌曲品味跟他的美术审美一样糟糕，插曲响起的时候一度让我尴尬癌发作，水下的一切场景构造和人物造型都堪称灾难，满屏塑料花一样的特效更是加重了这种廉价感，三流导演还是适合拍三流的恐怖片，硬要拍商业大片也没必要被吹成神，事实证明人们还是喜欢看花花绿绿人多热闹的画面，希望大家多跟斯科特雷导学学什么叫高级。
105,吹的太过了。。。
106,第一次看这种期待值低，看完连期待值都达不到的电影。有人因为密恐捂眼看了所有值钱的画面。达福真帅啊！
107,特效没的说，上次被视觉震撼到还是奇异博士。具体来说，海中的头发，衣服的律动都拍出来了。追逐打斗场景也异常惊心动魄。特效用心程度感人，但，DC就是不肯在剧情上好好打磨。
108,2018.12.18.非漫威粉，纯路人，花了105大洋看了个欢乐海岸的IMAX，还人情还请了两人一起。整部片子看的我坐立难安，最后找了个借口提前离场。这无穷多的槽点我没有头绪从何吐起。只能说这是一部大融合片，聚集了魔幻悬疑喜剧爱情恐怖，情节大到拯救人类小到匹诺曹这本童话，男主肾上腺素爆棚前一秒天真烂漫后一秒历史天才。不仅不能带脑，而且需要自降智商才能充分浸入其中，我走出来的时候觉得酣畅淋漓，居然丝毫不心疼我的钱也不想跟其他人找共鸣，我想，我一定是不属于这个时代。
109,除了技术和特效两个半小时不知道自己看了什么 等到所有奇观都稀松平常的时候还会有大制片厂吗 现代流行文化把克苏鲁题材只求其表随意强奸 白期待了 有点难过 岂止是他妈难过 我越想越生气 您他妈没事开头放本书在桌上还翻译出洛夫克拉夫特几个汉字不是他妈玩我是什么
110,太难看了。超级英雄圈的猪某人了。碰瓷百家，难看无比，多大的脸。温子仁只有海沟国那段稍点。
111,Rather mediocre
112,DC比漫威差的真不是钱，是落后了一整个时代。你当用户还是20年前只看热闹吗？海王单薄空洞的可怕，身份可以平凡，内心都平凡那就是平庸了。一开始的见死不救，英雄人设已经崩塌了。儿子复仇被他干掉，他怎么突然就领悟不该冤冤相报？怎么也得是干掉了女友或者爹吧。男主都拿到三叉戟了，自信爆棚之时居然怀疑自己打不打的赢自己的弟弟？三叉戟提示，你当观众低能么玩石中剑？低水准烧钱电影。看的时候就各种疑惑，一个都没能解答。我一开始还怕温子仁拍的太突出人物，偏离超级英雄娱乐感，想多了。视听上开始很惊喜，可无法掩盖故事和人物的简陋过时最后也沦为了头昏眼花噪音扰民。海王的爸爸，麻烦即使不是什么世界和平爱好者也是个海洋环保主义者，再不济，麻烦颜值上个线吧。
113,剧情弱智，人物扁平，画面饱和度过高让人不适，两星吧
114,愣是给看饿了，温子仁拍这种规模的片子还是有点手生，布景有那么一点Tron的未来科技感，但马王的演技还是撑不起来，除了温子仁老熟人帕特里克·威尔森其他角色都清汤寡水儿的。 DC追赶漫威还处于望其项背的阶段，就这样吧，现在去吃海鲜总汇。
115,妖怪！快还我妈妈！（不写评论了真的是DC车祸现场了）
116,吹过头了8。故事性差点意思
117,看了豆瓣短评/评分才去看的，看完只想说，这是暴露哪些营销号收钱了的一部。这种垃圾世界背景设定垃圾剧情垃圾人物能给吹到8.5分，对工业化电影的商业营销只能表示服气。电影能给个5分，但是看热门短评太不爽了，报复性打1星。
118,还好吧，再次确认对这类电影真的不感冒，恢宏的主题，简单的剧情，酷炫的特效，崩塌的人设。凑合看吧。
119,爆米花电影，除了技术，一无是处！
120,啥玩意
121,温子仁似乎疯了？？电影院坐我前排的观众吐槽说：看着像《西游记》。审美真的是堪忧，珠光宝气的俗不可耐；剧作上老掉牙的套路和试图安插的尬笑梗让人难受，但更难受的是那种90年代老片般的拍摄手法，cliche实至名归。
122,怎么就被吹爆了？？不光这冗长的剧情漏洞百出...还有被吹得天花乱坠的海底世界就这个样子？？非常缺乏想象力 还不如当时看bojackS3海底世界那集带给我的震撼大呢 最后的海鲜大战简直令人疲惫 营销过头了吧
123,"的确非常奇观，虾兵蟹将什么的就很猎奇，哈哈哈...故事真是烂烂烂，i am the son of the land, king of the sea就很emm...同样是讲寻根的superhero片，比不上黑豹🙄🙄（海王人物完全立不起来..）"
124,以为DC终于硬气，结果这无聊的英雄梗+被吹过头的特效怎么回事？？「超级英雄」放在几乎靠身体展览的力量型审美是不是有点土？（我吃星爵
125,整个片子的弱智程度和反派苍蝇头的演技一个水平，文本层面的羸弱用再多的特效轰炸也弥补不了，更何况特效也是星球大战那套照搬到海里，而服装道具和《封神传奇》有一拼。尴尬的笑话让海王魅力尽失，女主反倒霸气十足。大概只有温子仁夹带私货的海沟国段落还不错，海底哥斯拉也就出来溜达一圈。
126,前天看过的，真的很一般。他妈太俗套了，不知道为什么这么多人说好。
127,冲着温子仁去看的，原本以为拍恐怖片出身的导演能为影片增色，然而电影两个多小时的篇幅冗长，故事结构一直是打怪升级的套路，环节太多，主次不分，反而令人疲倦，密集的打斗场面导致视觉疲劳。机甲廉价的质感，不合时宜的BGM，男主角油腻的耍帅，无趣的感情戏。所以谁说这是DC的翻身之作的？
128,摄影、特效值得吹，人设、剧情必须槽。写作海王读作水王，包着精致糖衣的一坨屎。剧情空洞无物。打遍天涯无敌手的装逼犯海王，化身柔情忠犬和女主度蜜月并油腻调情，期间逗包袱尬到不行。价值观极度幼稚陈腐。海王杀人就是惩恶扬善，欧姆对大陆的宣战就是权欲熏心，海王抢别人未婚妻就是解放妇女，欧姆被自己所信任的人（包括亲娘）背弃就是活该。女主抛弃家族、国家并且跟一个野男人跑了，就是追求自由。拜托男女主懂点事吧，海水导电，你们用爱发的电电死多少无辜的生命。主角光环伴随着恶臭双标，绝了。海王算个鸡儿的英雄，他愚蠢的正义就是自恃神力，视人命如草芥，进行以命换命的屠杀。他和他眼中应受惩治的罪人有何区别？为了衬托男女主是深海里千万年只产两株的并蒂白莲花，强行把缺爱弟弟欧姆塑造成反派，谨代表焦耳、牛顿、安培等表示同情。
129,2.5⭐，这片子是游戏公司做的吧。全cg制作，让实景突兀但又可贵，最喜欢，西西里追逐部分，温子仁没有放下老本行，海王和他弟弟的未婚妻在木船上（可以随意在海中游，还要做船）各种恐怖音效，那段的水下部分不错，其他全是什么鬼。
130,8分？这还是我认识的豆瓣吗…剧情0分，从开头毫无悬念到结尾；黄金肌肉紧身衣尬飞成笑点，逻辑线有致命伤，同是人鱼士兵上岸要水公主不要水？emmm同行友人灵魂拷问，她来大姨妈怎么办😅
131,这破玩意到底好看在哪……被阿凡达不知道甩开几条街了。
132,说真的，超级英雄片还没看腻么？无聊的剧情框架，大把的感官刺激特效，看过就忘的故事。还不如看小电影至少那个刺激强一些
133,3.5 为什么一堆人尬吹？？？ 真再也不看dc*10
134,不是一直吹dc内涵深刻吗？ 怎么出了个爆米花片， 这些粉丝还高潮了？
135,又一部被豆瓣坑去看的电影，生气。温子仁大概是看西游记长大的
136,"其实我是没想到海王能爆，毕竟故事很老套，特效。。。也没感觉特别好
只能理解为之前几个月都没漫改电影看，大家憋坏了"
137,唉！我不是说逻辑简单，实在是情节太幼稚了！特效确实很棒，没话说，可是仍然无法掩盖无处不在的各种逻辑bug。另外，我一直有个疑问，以民主自由为傲的西方为何总是如此向往独裁君主制？而且还是唯血统论，简直不可思议。最后，我为亚特兰蒂斯人没有与陆地人演化出生殖隔离而感到高兴。
138,DC电影的缺点…就是不管谁来拍都是缺点显而易见的…
139,夭寿 我和水汉子一个发型……万恶帝国主义，连章鱼哥都要被劳役👀 看着这么多虾兵蟹将被红烧我痛心疾首
140,他们在沙漠时，我睡着了，他们一飙台词我就不耐烦，别聊了，快打！！！！后面海底大战真好看。剧情上，海王跟女盆友找三叉戟时，他弟弟就傻乎乎的帮他一统天下，天下打下来革命班子却没稳固，一个空降的野种哥哥跑来，所有人都缄默，各怀鬼胎，唯一一个军师还是大哥的卧底！弟弟傻到跟哥哥武力决斗争天下，这是香港老武侠片的拍法，宫廷斗争也靠决斗！
141,从此拉黑DC。
142,"根本上我觉得就应该把海里的垃圾和战舰扔回陆地上再说one world。海王为什么是人，还用鱼叉打架，龙才对吧，有船为什么要骑海马,为什么只有贵族才能呼吸空气进化也有阶级歧视吗。尼可还是那么美，骑的鲨鱼很萌。"
143,虽然我太累可能也是一个原因啦，不过真的进场没几分钟就睡着了，中途醒来看了一段，emmm，就觉得怎么这么幼稚。。以及最后看到了孙·海王·悟空挥舞金箍棒。哦，对咯，看到海底大混战，虽然轰轰轰砰砰砰，好像很厉害的样子，但仔细一看还是虾兵蟹将大章鱼在对打啊！要我承认他们厉害真的…有点难。
144,极为勉强的给个三星吧，感觉像是凭漂亮包装盲选的零食，满心期待，结果吃起来是一兜子陈年老墙皮……DC什么时候才能学漫威拍个至少合格的爆米花！！！不行，越想越心疼我电影票钱，果断改回两星。
145,海王一定是向孙悟空拜师学过耍棒棒...以及最后的造型就是一颗大玉米🌽，三叉戟🔱就是个满格的信号发射器啊；白瞎了演员们美好的肉体，穿着塑料质感的衣服骑着海马，真是三百六十度的尴尬。
146,exo？鱼鳞紧身衣？还是招魂男主最帅了！
147,我是个剧情控 之前看你们这么刷高分 很期待 但看完对剧情很失望 特效不错 但造型服饰和整体环境的审美有点土 讲不出来的土！说实话 DC的电影 现在就诺兰的蝙蝠侠让我服 无论剧情 特效 审美 都是一流
148,剧本台词和服装道具的全面垮掉。
149,出了电影院就不知道演了啥
150,"商业元素混搭的失败作,温子仁招牌砸了,DC没人救得了"
151,狗血的剧情   五毛特效   连背景大海都是p 的    场景搭的效果看得我眼疼
152,4分，两位养眼女主可各得一分，人美胸更美，男主的牛仔裤可独得一分，请问这么好的牛仔裤哪里找？最后一分颁给男主的胸，毕竟是征服了龙妈的男人。总结:这片子最出彩的是男主和女主的胸，当心向往之。
153,"这个美术……丑到窒息……惨绝人寰……
整个片子的观感就是春晚中混进了几个恐怖片镜头"
154,全程冷漠.jpg，然后，所以第二部反派就是一只苍蝇了ho？
155,海王最后那招，怕是六老师要来打官司了
156,一部集合了后天+阿凡达+亚瑟王+哥斯拉+星球大战+雷神兄弟情+西游记的东西合璧史诗大作
157,ʕ•̫͡•ʕ*̫͡*ʕ•͓͡•ʔ-̫͡-ʕ•̫͡•ʔ*̫͡*ʔ-̫͡-ʔ，BFI / 小K+MC+Jubilee+橘狐。游戏CG即视感，特效杂耍，土，且套路得很。
158,我不是英雄电影粉，看漫威纯粹是在室友的教育下补上的，之前只知道蝙蝠侠并且非常喜欢，觉得漫威好幼稚。但最近看的两边DC英雄，都让我觉得自己浪费了生命，神奇女侠和海王。加朵和马王的美好肉体都无法拯救毫无办法共情的莫名剧情。服化道配色也是辣眼睛，温子仁对悟空是有什么情结吗？
159,？？？
160,真一般啊，演员长得也吓人，一大胡子演英俊的海王。温子仁还是没拍好啊。
161,这样还能上八分？中国人的钱也太好赚了吧？温子仁把他在电锯惊魂和速度与激情里的套路估计是全用上了……说句实话，依旧是剧情弱，台词尬到不行，用中国人的思路拍出的美国大片，真的是尬到极致。别以为视觉效果还不错，闪到你视觉疲劳，不要和卡梅隆的《阿凡达》比，根本没有可比性！《阿凡达》的视觉效果丰富的像金缕玉衣，一毫一厘都是细致入微，而《海王》恐怕只是动画特效堆积起来的粗布
162,太弱智了 两星给特效
163,漫威版DC电影。#两星给妮可#
164,古今大战秦俑情+孙悟空大战奥特曼既视感【咸水国的战士明明就是小龙虾啊翻成鳕鱼我一脸问号【导演的恶趣味我能get但电影本身真的不好看额【老外来中国随便哪个溶洞景点应该都会high翻了吧
165,在电影院睡的昏天黑地系列
166,槽点多到不想吐
167,放弃智力，病态的混乱
168,我真的不知道这个8.1的评分是怎么来的，我承认视觉特效做得很好，但包括51岁的妮可基德曼在内，包括马王，希尔德，威尔森，都是秀身材的花瓶，演技统统不在线。剧情之差更是直逼富春山居图！看来DC与漫威的差距是无法迫近了
169,一星给女主……温子仁对不住了
170,我想看占士邦
171,王海有一个价值观输出的还不错，就是告诉你纹身练块蓄发喝酒的摇滚机车男并不都是什么游手好闲的混混 w/姑姑爸
172,"老舍说，人类最大的惨剧便是彼此以武力估计价值，像熊或狗似的老想试试自己的力气，而忽略了智慧才是最有价值的，与真有价值的。

亚特兰蒂斯文明枉为高级文明，怨不得会沉入海底。海王归位一战，更是生灵涂炭，出场方式虽霸气，却伤及无辜，亦枉为海王。

几乎从头到尾，都缺乏最基本的逻辑。"
173,剧情烂得一逼，和朋友从头吐槽到尾，哥哥你倒是好好打一架啊，敢情一番嘴炮就能拿到最强装备？果然远古生物智商不咋滴啊。弟弟究竟做错了什么啊，妈妈未婚妻师傅通通背弃了他，为弟弟一哭！老丈人最后瞬间倒戈，内心美滋滋：我女儿眼光真不错，反正不管怎样，我都是岳丈！为amber的美颜打两星。
174,找不到人物魅力。设定上还不完整 特殊的能力或者性格完全凸显不出。感觉温子仁照速激比更多地加入了自己恐怖片的风格，可是比较情节氛围还是有点不搭。有的台词和人物表现还挺尬的😂
175,特效画面真的好…但我已经过了“只要爽就行了”的年纪电影的灵魂是故事，《海王》没有
176,水沝淼㵘
177,看完就只想吃海鲜大餐。故事是什么？不存在的。老套狗血到就只想大喊一声杰克苏！强行搞笑强行惊险强行爱情戏。BVS之后又一转型不成功之作。所以我才没去看正义联盟
178,场景很宏大，但是内容很白痴，台词很中二，总之，很尬。。。
179,男女主角来到一个地方：好了他们要开始打情骂俏了；来到另一个地方：好了这里要被毁了；第三个地方：好了他妈要出来了。镜头再转向海底：好了这条鱼（？）要死了；再转，好了这个人要被抓了；又转：好了他妈又要出来了。
180,剧作太懒太赶，根本没树立起任何一个角色。敌军的服装设计是为了能多卖点电影衍生品儿童玩具吧。。。
181,不要半夜去看了 头疼一天
182,毫无波澜，对白直接又无趣，没有留白也没有给观众思考的机会。每一个角色只需要嘴炮两句话就能被改变立场，一切都那么简单暴力就能解决。
183,平淡，很流水账。导演水平没到，想处理和表达的方面太多了。很多不用谈的东西讲了，需要衔接的地方又有些生硬剪辑痕迹。前30分钟不错，后面观众们就鸦雀无声，因为都是固定套路。导演作为恐怖片出身，长处是一些小场景设计，小巧思。整体驾驭能力不足。
184,预想中的难看，剧情无聊就算了，逻辑还完全不在线，海王的快客造型一出完全没办法入戏，，btw 他兄弟让李佩斯来演气场会更足。
185,烂片，不懂8分的豆瓣分怎么来的。情节不动，换一帮中国演员演的话就是另一部《封神传奇》吧，除了特效好一点，主角选的好之外，看不到有什么可取之处。各种元素混杂，有点风牛马不相及，恕我理解无能，这东西怎么能跟蝙蝠侠这样的现实感十足的超级英雄组联盟？简直不在一个次元，DC被漫威带偏了，大场面加小幽默只剩下大型海洋世界表演加上间歇性尬笑，真的很无聊，我睡着了两次。
186,就很傻，纸片人人设，空洞的台词，后半段看海鲜打架居然诱发了食欲……秃头弟弟太惨了，老婆跟人跑了军师胳膊肘向外拐妈妈还不爱他，下辈子还是植发再当王子吧
187,全程几次被海王的pose逗笑场。台词cheesy到傻眼
188,当做动作片来看是不错的，没有深度的内涵，感觉评价过高了，说的是弟弟因为海被污染，所以要发动战争，异父的哥哥是陆地的人所以要制止，并且自己当上国王。但是影片并没有体现。他当上国王之后的作为。难道人类在破坏海洋之后，期待海王还会帮自己去拯救自己吗？发动战争是不对。但是人类破坏海洋，却并没有任何协议，或者说是什么，总是感觉怪怪的。
189,难看哦。除了海后长的好看。
190,一般，整部片子十分老套，透着一股蠢直男的傻气。并且，我很不喜欢华纳前期做的口碑营销，都特么吹到天上去了。
191,继神奇女侠和自杀小队以后又被dc骗了……别吹了，特效电影故事内核就可以这么无聊吗？
192,totally电子游戏即视感，除此之外毫无新意。
193,略感失望，感觉口碑过誉了，剧情方面毫无亮点，海底特效确实美轮美奂，但也仅此而已。
194,京里京气.
195,我一个重度深海恐惧症为什么要来看这种片子？心跳真的是每分钟一百二十击了。剧情神烂，居然没有一个好情节，还能八分多？服了服了
196,无趣。特效哪儿好了？虾兵虾将网游既视感。
197,dragon age般的特效也是呵呵了
198,两星半。从一开始就以为看了一部假电影，可能我海王这类超级英雄本来就是我喜欢类型，更气人的是温子仁那反反复复突然袭来的轰炸，还有婆婆妈妈的前情回顾。
199,槽點1：藝術總監可以拉出來輪了，春晚配色+妖貓傳特效，為什麼這麼多人誇，啊算了國產五毛特效也有一堆人誇……槽點2：BGM雖然各種既視感，但是怎麼說都不至於差，但是音樂剪輯真的讓人無語，BGM真的不是這樣用的，飽和到嘔吐。耳朵累，心累。槽點3：不是說其他類型片不能有Jump Scare，但是這部的JS也太沒有節制了，堪比MB的爆炸，甚至多到後面都能猜到……比起這些槽點，劇本什麼的根本都不算什麼了……
200,剧本和人物和丰富程度和看起来像铁甲小宝的反派海盗的那幅装扮是一样的。就是那种童话mv。
201,无聊至极。浪费两个半小时。
202,渣啊
203,老套RPG剧情，瞎眼的海底荧光世界，智商感人的中二反派，靠鱼佬腔胜利的糙汉主角，除了两个主角身材很好外真是毫无看点
204,"《海王》年度最失望作品。没有之一。
屋顶的奔跑炫技长镜头和浩瀚多彩的海底世界都无法拯救的烂俗超级英雄电影。全程真是看得我坐立难安，难以入戏。所以，锤神，黑豹还有海王的故事告诉我们，你要成就一项伟业，首先要有一个不自量力又喜欢搞事情的弟弟。
从头到尾毫无惊喜，情节简直就是狗屎！
作为温sir的脑残粉都吹不出彩虹屁了…
痛心疾首啊…痛心疾首啊…痛心疾首啊…
大家降低期待吧！
怀念恐怖世界里的温sir…"
205,这部印度电影，还可以吧，当爆米花不错。
206,剧情难以下咽。
207,DC没有了DC的特点，眼红漫威英雄赚大钱，DC反派和逻辑才是买点啊喂，结果被拍成了漫威英雄的感觉。音视效确实好看好听。还有一种玩儿bigfish揭秘游戏的感觉。
208,太熟悉的超级英雄电影。。。有一个人设很刺眼，和人类关系好的就是正义的，和人类关系不好就是非正义的。。。这不是典型的人类中心主义，不喜欢。两星给特效
209,"这《海王》真是 blind my dog eyes...整场满脑子都是小鲤鱼历险记，世界观交待的稀里糊涂，全片就是速度与激情版的爱在黎明破晓前…以为男主被打趴下然后就奋发图强了，结果莫名其妙拿一鱼叉就走上人生巅峰了，还tm是当年孙悟空第三个就挑剩扔下的。反派可以说是DC琴酒了，身边就俩人，还全是卧底，唯一那个外包的整就一火云邪神。全片法力最强的算是这女主了，在全国人眼下绿了原配，然后结尾理直气壮的直接上位，还赢得各种欢呼。其余自行体会吧...
电影宣发也是谜，直接冠以DC指环王DC阿凡达的称号，预告片可以打满分，但所有精彩镜头也都在那一分半了。You silver-tongued devil,you.

Ps:有一段对密恐不友好。"
210,全片我最兴奋的时候是听到DM的时候（
211,Emmmm 太长，没有风格，有佳句无佳章，主角成长线写的太生硬，幽默也都很夹生饭，剧情走向实在太predictable，影片一开头主角就那么牛逼所以我从来没关心过他的安危。在故事同样无聊的情况下这部真的不如雷神惹。最失望的莫过于filmmaking层面无甚可看了，温子仁没有崩，但也没展现多大的控制力，段与段之间很分裂。服化道美方面也都是老掉牙审美，没什么惊艳之处，还不如雷神他姐凯特女王的头发让我印象深刻。
212,两分全给做CG的十几个视效公司
213,其实DC是幸福的吧，有一群无论拍的怎样都捧着的粉丝，有无论拍的怎样都拿出大把钱做特效的鼓鼓的钱袋，可以大胆的用怎么拍都像电视剧的电影新人，可以随意的写低龄的台词，像一个被宠坏的公主，真好。世界观全是借鉴的，3d立体斗兽场，黑白红高科技塑料质感铠甲面具战士，地心恐龙乐园。特效值俩星，真有钱。仔细看了看所谓DC粉丝的评价，准备以后再也不相信DC电影了，每次说好看都被骗，营销倒是崛起了，被骗。
214,水男……emm果然很水，除了无脑开杠就是无脑开杠和一帮无脑看戏的
215,剧情太瞎扯了，两分给特效
216,迷之尴尬。
217,再一次被口碑营销蒙骗，多一星是对温子仁的心疼。
218,现在什么欧美片都能被吹上天！这剧情我真的是没地方吐槽！
219,"中二可以理解,剧情太尴尬。awkward man..."
