,praise_comment
0,"精美绝伦的水下世界，宏伟瑰丽的海底奇观，堪称“海底《阿凡达》，水下潘多拉”。
亚特兰蒂斯的史诗级战争气势磅礴，媲美《星球大战》和《指环王》。
动作戏登峰造极，拳拳到肉，让人再次感受《钢铁之躯》的震撼。
飞船追逐更是眼花缭乱，引人入胜，仿佛把《速度与激情》搬到了海底。
寻找三叉戟的探险之旅同样其乐无穷，妙趣横生，又是《夺宝奇兵》的再现。
影片核心又回归到对家庭的探索和对自我的肯定，承载着成长和母爱，自信和亲情。
最后一个镜头让人热泪盈眶，正如托马斯终于等到与妻子重逢，我们也终于等到DC近几年最优秀的电影。
温子仁如卡梅隆和彼得·杰克逊附体，拍了一部动作、冒险、奇幻、超英等元素的集大成者。
它是《黑暗骑士》之后最好的超级英雄电影之一，从此影史将记住《海王》的名字。"
1,4.5。1.从造梦层面而言，温子仁真的远超我的预期；如果你觉得这也算失手，那我无话可说，只能闭嘴。2.这场梦始于失落的亚特兰蒂斯，继而又按图索骥，如探索迷宫般牵引出整座深海帝国的神秘版图，看似不过闯关游戏式的老套路，其实还是以西方古典神话为模本的，类似亚瑟王寻找圣杯。3.固然温子仁并没有全然秉承DC的暗黑风格，但那场海王亚瑟与守护三叉戟的海怪之间的对话，着实是以DC的方式丰满了角色。4.要说不足，西西里跑酷略显脱节，而海底决战时刻有点场面失控。
2,温子仁就是“狂”，并且简直就是个“技术狂人”啊。斯皮尔伯格、卢卡斯、卡梅隆之后，就是温子仁了。世界顶级技术型导演，从此以后，有了一名华裔，温子仁！！！他怎么可以把一部超英片，拍得如此上天入海、天花乱坠、无所不用其极啊。
3,海底世界戏份多到超出想象，这是一部主打海洋英雄的片应有的样子，一本满足。撒哈拉沙漠、西西里岛、海沟族追逐戏、地心藏海…奔波全球海洋奇观，上天入地，美不胜收。温子仁手下的DC，不再暗黑，情节跌宕又完整，正如他的恐怖片一样吸人，吸入深海底。亚特兰蒂斯与亚瑟的历史传说，完美融入超级英雄剧情，陆地之子抑或海洋之王，海王不止粗汉也有柔情，三叉戟秒变金箍棒，这不就是《西游记之大闹龙宫》？红发女主的造型很美，特别是水母服。“海洋的世界里没有眼泪” 几十年的灯塔守护直接戳泪，爱一个人不就是这样的无私与痴情？2018最佳娱乐大赏，《狮子王》版《海底总动员》，《黑暗骑士》后最好的DC院线片。
4,建议JL电影所有负责人全体跪着看完海王自我反省写1000字检讨！ 👍温导亲自示范教如何拿1.6亿拍出3亿的史诗效果。如果女侠拯救了DC，那温导海王就是惊艳了DCEU！谨代表所有漫改粉公车上书强烈要求华纳令温子仁掌舵DC宇宙！和以往所有的超级英雄电影都不同，仰拍俯拍长镜头用到炉火纯青，总结就是气势恢宏，格局庞大。华纳DC定律：动画电影拍的一般的，真人电影都不错。视觉效果星球大战+阿凡达+哥斯拉，无需再多赘述赞美之语，海王亚瑟举起波赛冬三叉戟那一刻正式象征着DC继诺兰蝙蝠侠三部曲之后再次崛起势不可挡！再拍第二个BVS和对路人不友好DCEU就是死路一条！DC宇宙需要多元化发展而不是抱残守缺死守一角！先在竞争激烈的市场活下去，再探讨人性，顺序不能乱！
5,马王没能统一的七国终于在变身海王后统一七海了。
6,也别问DC粉儿了，就问你们刚从影院出来的，咱海王硬不硬？！咱海王猛不猛？！温子仁还拍下一集要不要？！！
7,没有一些人吹的那么高，但足够精彩。温子仁没疯，他只是太会讲故事，太会知道如何调动观众的肾上腺素，无论是以前拍恐怖片、动作片，还是这次拍超级英雄片，什么时候该打斗，什么时候该落寞，什么时候该摆pose，什么时候该接吻，什么时候该逗比，他在这些已经程式化的东西中加入了自己的天马行空，于是我们跟随着海王和湄拉的脚步上天入地下海，从一个夺位权谋片生生变成了热血冒险片。不得不说这部的特效确实是目前能想到的最顶级的展现，各种奇观应有尽有。而海王的成长，也是战胜自卑接受使命的过程，甚至有几分东方武侠的风韵。只可惜故事本身太过套路，确实乏善可陈，只能以特效和热血来弥补了。
8,咸水族的那个帝王蟹，好像很好吃的样子！
9,大型海底捞现场，建议带一双筷子去看，毕竟海王他们都备了叉子。超爱的任达华和徐锦江演两父子，港片一代江湖。基德曼又美又帅，为了视觉平衡，抱谁都拍半身为妙，身为仙女级吃货，143分钟只吃一条金鱼。大多角色都有村炮亮相瞬间，长发角色能多甩两回。好些场景很棒，每一个鸡皮疙瘩都是物证。不知为什么海盗可以给自己做盔甲，但他分不清蝠鲼跟苍蝇。湄拉最后一句台词，非常欢乐今宵。不归迪士尼管，却给匹诺曹打了不少广告。看片前要做好放水蓄洪两手准备，不然他们进海出海时那种马桶抽水声会让你灵魂震颤。请欣赏权力的游戏＋海底总动员＋小美人鱼＋哪吒闹海＋星际迷航＋星球大战＋加勒比海盗＋斯巴达克斯＋妈妈咪呀＋罗拉快跑＋猜火车＋哥斯拉＋阿凡达＋侏罗纪世界＋驯龙高手+新白娘子传奇……可以的话就去看IMAX吧。
10,又翻身，dc的票房一直很好，好不好，自杀小队一亿多投资没国内市场近8亿刀票房，神奇女侠都是北美年度票房第二了，bvs也狂收近9亿刀票房，还要翻身。而且那是dc第一阶段，去看看当年惨烈的漫威第一阶段，就是今天，蚁人 奇异博士之流也就6亿左右票房，怎么没人喊仆街。所以别等了，有色眼镜一带加个双重标准，杠精找茬模式狂开，dc永远仆街，当然还要此地无银的说什么我是dc粉，对dc要求低之类巴拉巴拉，家仇国恨的，说实话真不像dc粉，倒是像漫威股东，何苦呢，到最后影响的是自己观影感受，可惜了好电影
11,DC电影目前最佳，肌肉男就适合走中二路线，傻大个+毒舌美女的配置超赞，海后真美。雷神的世界体系+黑豹的故事，海王弟不如洛基萌，剧情比较无聊。温子仁也明白，所以动不动就用音效震你一跳，气氛张力是他的长项，海沟族那段好似恐怖片。特效炸裂，水下星战+指环王，奇观浩瀚，意大利跑酷最帅、结尾海怪大战年度最炫。PS，海王没变沙僧却成了孙悟空，龙宫寻宝，把三叉戟当金箍棒用。穿上盔甲就是玉米侠，或者海王金樽。单彩蛋
12,"我收回妇联3的五颗星，文艺片才不分高下，商业片只争第一，今年第一，海王。瓦坎达野人方阵在海马禁军和克总触手、闸蟹狂战士面前没有一丁点排面，没有！泰坦星战士用虫海丧尸战术和铁人三项杀敌？多发展几万年全转基因紫薯去了？你打嘛呢弟弟？打不来架就不要打。啥叫格局，海王振臂一呼，
诸天鱼虾蟹卒，听我号令，天不生我阿Q曼，DC万古如长夜，封狼烟，点海马禁军千骑，撒孜然百缕，随我先斩MCU后军贼首，得胜归来，共饮索尔神血，赏汝千杯！杀杀杀！DC干死漫威，亚特兰蒂斯万岁万岁万万岁！"
13,DC这明显是拼了啊，完全放开手脚让温子仁施展才华，电影俨然是在一部超级英雄的起源片基础之上，拍摄成了海底版《星球大战》，剧情杂糅了科幻、动作、冒险、奇幻史诗甚至是克苏鲁恐怖元素，想象力和娱乐性几乎已经做到了极致，尤其是温子仁在动作场面上的调度实在令人惊叹。这固然不能说是最好的DC超级英雄片，却一定是近两年最酷炫的超级英雄电影，温子仁确实给DC立了一大功！！！
14,观影的时候被没收了手机，反而获得了极致的观影体验，建议推广。第一次在影院有了在海底的压迫感，这种体验即使在海洋馆都没有的，但是温子仁做到了。亚特兰蒂斯这种看似沉闷的题材，也拍的很现代很诙谐，并不黑暗。父辈的爱情太美好了，妮可基德曼美到犯规！这个人是妖精吗？为什么不会老呢？海王总会让我想到雷神，一样的无脑大块头，不过海王要成熟一丢丢。观影过程中总忍不住吐槽，如果有弹幕一定非常精彩了，骑海马打仗，把水母做成衣服，科维长得像猴子就算了，还教海王把三叉戟耍成金箍棒，真的不是孙悟空吗？另外，三叉戟的本质就是个WiFi吧？有了之后信号突然就畅通了……
15,弟弟太惨了，妈不爱，爹没了，老婆跟人跑了，王位被抢了，信任的人早就跟别人跑了，我要是他我也要毁灭世界了😂
16,满足了年少时自己对海洋的所有幻想。杰森·莫玛凭一己之力掀起了长发狂野糙汉的审美新潮流，隔壁雷神克里斯·海姆斯沃斯大型溜粉现场？
17,找一个亮堂点的IMAX厅，绝对爽炸
18,【B-】不太像指环王，倒更像一出深海版加勒比海盗。以寻宝冒险作故事主线，带领观众在影史上最瑰丽宏大的海底世界浩瀚游历了一番。从亚特兰蒂斯到远洋海沟，一个个场景让人瞠目结舌。缺点是剧情套路，海王的人物塑造简单，成功基本靠天赋一路开挂。anyway，好看就够了（ps.温子仁还是没忍住塞了几个jump scare）
19,温导这是比着指环王在拍啊，这特效叹为观止
20,温子仁就是牛！！海王的Man真的男女通吃啊啊啊啊 ！
21,放心去看。幼稚园爱情，深海驱魔式窒息，比素鸡更成熟的大场面运镜，远超MCU的动作指导，反派人格塑造，这是完全的的温子仁风格。别出心裁混合了Cyber效果，配合电音，有的段落特别、特别Tron！还有雨夜决战扎导式慢镜+45度仰角cape porn，是温导写给PW的情书。七国设定炫目而让人信服，必买设定集。它不完美，海王性格必然和原作有差，但是瑕不掩瑜，也为超英片带来了新的元素。如果正联完全是扎导的正联，那么我现在可以感叹What a ride了。你们知道吗，最妙的是，你甚至可以从中看出MOS😭
22,一个绿了别人的人的儿子绿了被绿的人的儿子的故事……
23,女王：维科，这是我大儿子，剩下的话不用我多说了吧，以后该怎么办，你自己招子放亮一点，好处不会少了你的。维科：晓得了。
24,午夜场演罢，全场掌声雷动，粉丝们积压了整整五年的怨气得到释放，这注定会是一部让DC赢回观众的“里程碑”之作。尽管内核老套，文戏尴尬，人物成长脉络敷衍了事，但西西里岛永远不会让人失望，温子仁将简单有效的技法全面升级，从那儿开始眼球便不忍离开银幕。妮可·基德曼最后捧着帕特里克的脸似乎要说：“儿啊，做王终究不是属于你的道路，驱魔才是你真正的归宿！”心疼渔夫国，净产出些诗人和哲学家，在海底世界得不到权力的尊重和认可，这难道不就是你瓣吗？
25,1、全程舔腿。海王、湄拉、妮可的腿加起来有十米长吧…温子仁还老是仰拍…腿控福利不解释。2、意大利大战黑蝠鲼，屋顶跑酷帅到炸裂。湄拉出彩，动作戏干净利落，脸又美。有个进攻瞬间让我想到另一位红发女超英。3、到达海沟族那场戏，绝了！！不愧是温子仁，这什么神仙cult脑洞！！！镜头一拉开，情不自禁卧槽出声，年度十佳场景预定。愿意为这场戏二刷。4、野心大，场面大，每一帧都是钱。（虽然鲨鱼坐骑和沧龙总让我想起西游记…）5、世界观塑造很完整，人物个性也出来了。因为交待背景的关系，前面文戏稍有点长，但是进入海底世界后就一路高潮到尾，总体又猛又爽。6、DC粉感谢温子仁吧。起码是这两年最有创造力的超级英雄大片了。
26,7分。温子仁确实很厉害，原以为这该是系列中最无趣的一部，尤其各种水下戏份。结果，却难得拍的很好看。影片节奏感和大场面掌控上，确实很见功力。以及，温子仁还融入了很多他自己的趣味，也算很有趣的细节了。整体可看性还不错，就是略长了，海底的光怪陆离，看久了也会有些视觉疲劳。
27,语文不好，牛逼就完事了！阿凡达之后最牛逼的视觉大片！没有之一！
28,美轮美奂的2个多少时，海底的几个镜头简直美到爆炸！感谢豆瓣观影团！
29,东有沉香劈山救母，西有海娃寻叉救母。绿色秋裤哲学变身，刺身放题海底大战。同母异父兄弟相残，弟妹大伯不伦之恋。温子仁携手徐锦江，亚裔之光拯救好莱坞！
30,渔夫和灯塔守护多数是鳏夫，私下里经常养一些人鱼交欢。海洋远比陆地深远得多，人们赞美阳光下的海洋，却不知深夜降临海面上会冒出可怕的妖怪，海底也会藏着嘲笑人类的高级文明。所以！温子仁同样是一个借大热系列ip来讲自己故事的导演！！
31,DC真人版终于干过动画版了，海底的特效就是要用在真人版上才过瘾～
32,故事老套了一点 但是昨晚我的主要任务是努力让自己不要在影院里发大水…Jason太尼玛适合这个角色了，就算他能轻而易举的把我操坏我也心甘情愿地承受这份痛苦
33,我宣布！2018就是骨科文艺复兴之年！！！
34,C＋/ 前半段还以为不过是插科打诨强行炫视效卖动作复古美术的海洋版《黑豹》，后半段则把后者的瑕疵都打了个包扬弃。当主角从国族、血统、力量与对立翻转到人类、混杂、沟通与融合，影片的历史臆想语境完全变成了现实，进步与落后、技术与自然的对立也走向汪洋大海的联合。在这个不断崩溃甚至滑落到倒退边缘的世界，居然还是要靠好莱坞宣告虚幻的平等，这恐怕才是处于文化交界处的真正的Crazy Asian温子仁之力量所在。
35,也没多好，也就比雷神好了一百个黑豹吧
36,3.5；失落的亚特兰蒂斯之国，古远传说提供与一般超英片迥异的丰富背景，DC另辟蹊径，开启美妙神秘的水下世界，星站兵密集，温子仁不负众望且适时塞私货，海沟一战jump  scare其乐无穷。视效惊人，音效震人，抛却鸡汤亲情，大场面调度甚是过瘾。妮可基德曼真·女神，形象太契合。
37,天空属于卢卡斯 陆地属于杰克逊 海洋属于温子仁！！！
38,特效和场景都非常不错，但是剧情和主角都非常不真实，唯一的真实人类就是那个收到新衣服以后改颜色镶铆钉的生命力很旺盛的青蛙反派。
39,"温子仁牛B！（破音）
「海王」不应该被拿来和其他超级英雄电影比较，这会让别的影片看起来格局小的可怜。
在「海王」面前，「正义联盟」就如同过家家，「黑豹」则像是地主家的傻儿子争财产。
看完「海王」，我脑中出现的比较项是「加勒比海盗」、「魔戒」、「阿凡达」，是那些真正在银幕上构建了一个全新世界的影片。
「海王」的前半段对海底世界的华丽梦幻展现，治好了我多年的深海恐惧，令我恨不得走出影院就搞一艘鹦鹉螺号去海底两万里。
然而海沟族攻船一段又让我立马放弃了这个念头，詹姆斯温拿出自己拍恐怖片的看家本事，让一部pg-13特效大片瞬间cult了起来。单是这短短几分钟，就足够成为我二刷的理由。
「海王」视觉效果的惊艳，是想象力、调度能力、动作设计和节奏感整体作用的结果，绝非一句“特效好”就能概括。"
40,把他留住@华纳
41,最后的海鲜大战把我看馋了……
42,刀枪不入的男人怎么给自己弄的纹身？除非……是贴纸……海沟族应该是最高贵的种族了，个个都能出水呼吸（虽然叫海沟族）；（红色的）螃蟹钻出火山，犹如……巨大的火锅底料，眼看着被鲨鱼咬了一口，冥冥中有一个声音告诉我：“性寒，不能多吃”……故事嘛就是赫拉克勒斯与克瑞翁神话的现代版：克瑞翁依仗血统与军势，赫拉克勒斯立下十二大功并能团结分裂的部落。前者是当代非西式政治领导人最重要的东西，恰恰被弃之如履，后者则是心慕“自由主义”的东方儒生所向来看不上的——他们一定会说：第一次决斗海王明明已经输了嘛，怎么能耍赖不顾程序正义呢？就像这些天穿得沸沸扬扬的“黄马甲”谣言一样——然而没有点酒神精神的话，共和早玩不下去了。
43,7分。一部黄金圣斗士找到圣衣打败白银圣斗士的故事……兄弟决斗这种梗刚在[黑豹]里看过，不过[海王]确实很像水下的[阿凡达]，动作设计不错，应该是从游戏得益不少，视效也不错，水下那种衣袂飘飘的感觉特别好，不过唯独从水里上岸之后的镜头丑爆了，妮可基德曼也扛不住……生态主题其实可以再挖深一些。男主人设太糙汉，简单粗暴了。黑蝠鲼那条线……添头都不算吧。很好奇往下怎么编。
44,海王刀枪不入，谁给他做的纹身？
45,温子仁说他要休息！你不许休息！你给我接着拍！
46,知道为什么这是近几年最好看的DC真人片吗？因为它真的很漫威！好想看海王和雷神比蠢～詹姆斯温的视听真是没话说，这么多炫酷的运动长镜头，爽的一批，都让人给忘了这片子把《黑豹》的故事又说了遍。
47,剧情在我这种土鳖眼中，那就是沉香他娘小龙女枯居海心二十载等待孙猴子来提取定海神针……啊，海王这人的性格完全不讨喜，临阵脱逃近乎懦夫，反而是一干配角不论忠奸都勇敢执着，更让我喜欢。但是动作场面是真好看，他娘和他媳妇砍杂兵的两个长镜头，兄弟海中对决的360度自由运动，都非常扎克施耐德，金隼奖备选。海底世界的美术惊艳。最后的克鲁苏复活直接穿越怪兽电影，绝对惊喜。
48,"不愧是拿走了
弥林女王，安达尔人、洛伊拿人和先民的女王，大草原的卡丽熙，解放者，七大王国的统治者，多斯拉克草海的主人，阿斯塔波的统治者，打碎镣铐之人，龙之母，不焚者，风暴降生丹妮莉丝
一血的男人！"
49,前半段是高质量的好莱坞爆米花，不过是动作和特效的刺激，开始怀疑刷口碑。结果海沟国之后全程开挂！那画风、那色彩和运镜，碾压十个扎克·施耐德！角色和感情真正的带入，风格完全不是DC，类似但也不是漫威，那是温子仁，温神牛逼！
50,"海王超震撼
绝对值回票价
温子仁
真的很牛！陆海生态、雅典城邦、圆桌骑士、亚瑟传奇，对了还有《黑豹》吃的很透
看了彩蛋，推荐去看《为奴十二年》
电影本身结局也很治愈 "
51,这片要是坐在寝室的电脑前看，观感必然大打折扣。当置身于IMAX厅，外加座椅有震感效果，此等视觉奇观是无与伦比的美丽，回忆起当年看到《阿凡达》的震撼与感动，一度想哭，这曾是我喜欢走进影院观影的初衷。除此之外，温子仁对于节奏的把控和镜头的调度真是高手，哪怕剧情马虎，却依旧让人看得过瘾。
52,奥姆对陆地人开战师出有名，有站得住脚的立场和道理，并非为满足个人征服欲和权力欲望，即使有私欲，不是纯粹为反抗陆地人，那私欲也是为让“亚特兰蒂斯再度复兴”。亚瑟作为对王位有继承权的野种，奥姆非但没斩草除根，即便亚瑟当面来反对和阻碍他了，他依然想给半兄长一条生路，劝说他置身事外，比起许多东西方王室内斗故事里的龌龊狠毒，他可谓光明磊落了。无论是国王挑战还是最后海面决战，他都很实诚地凭自身真实实力在打，没有搞阴谋偷袭之类卑鄙伎俩，反而是亚瑟凭借黄金三叉戟才能击败他，而一旦落败，他也便立刻承认了失败，并没有试图用不堪手段翻盘。他出战总是亲临战场身先士卒，是战斗型国王，武力值在海里是一等一的。他的臣属并没有对他不忠。比起超英片里大多数简单粗暴中二病反派，或莫名其妙为反而反的反派，奥姆是有层次并且合理的。
53,好好看哦，爽死了，怎么拍得这么二次元，海底世界那几个国家做得像迪士尼动画一样超绝绚丽又各有特色，整个故事也像迪士尼一样温馨，女主角甚至有一头小美人鱼爱丽儿般的绝美红色长发，最后那场海底战争更是做得爆炸好看，不过挨打的都是鲨鱼鳄鱼海马和雪蟹，好可怜，请狗逼海底人不要打鲨鲨好么！海底人也太不爱护动物了！我要再去看一遍，视觉狗的飨宴！香！
54,今年最瑰丽的视觉奇观、最燃的群战、最浪漫的吻、最孤独的海怪都在这里了。
55,轻轻松松、啪啪砰砰，这样的超级英雄电影不挺好？温子仁真DC良心大管家——从头到尾堆特效，经费才烧1.6亿！欣赏不来海王徐锦江，51岁的妮可真的美炸了~~~~~
56,跟小动物讲话，带领小动物们打败坏蛋这不是辛德瑞拉的技能吗！为什么出现在一个壮汉身上啊！大型小公主，可爱可爱。
57,"惊呆了！！！完完全全没想到温子仁居然拍了这样一部电影，闯关游戏混合特摄风格、宏大场面混合爽快打斗、公路夺宝混合王位纷争、街机电音混合史诗配乐，精彩的动作长镜头和温氏旋转镜头以及堪称惊艳的美术与特效，部分场景的画面构图直接惊呆我，再配合超过全片90％的IMAX全画幅，绝不仅仅只是一部普通的超级英雄电影，难得拥有的观影体验。
主演全员大长腿，妮可和艾梅波美丽到冒泡，男演员们集体帅到犯规，再加上个人特色极其突出的温大导和全程抢戏的配乐，堪称年度最具魅力剧组。
本片虽然达不到影史最强超英电影的程度，但对于DC甚至整个超英电影的未来都是一次极其重要的实验性尝试，海王绝对意义非凡！"
58,海底版《阿凡达》+《星球大战》，出现了目前为止最符合超英电影主题的一句台词：国王为自己的国家而战，而英雄为所有人而战。
59,温子仁救了DC，他创造了真正的英雄史诗，这也是影史上最为壮观和浪漫的海底奇观！如果现在的超英风向标是把英雄变成了普通人，那《海王》反其道行之把普通人变成神话。DC毫无疑问的绝地反击之作，偶有小瑕疵，不足挂齿！
60,阿凡达夺宝奇兵魔戒黑豹邦德侏罗纪环太徐老怪，烫金蛤蟆皮神秘暗示，招魂精灵男反骨自嘲，亚裔王温子仁自我毁灭，第一部当最后一部做，进化为不具名影坛海怪，苍蝇头坎爷可以活十集。
61,Talking to fish 这个梗玩的妙啊，整体也是有板有眼的精彩；所以说DC要是早点找温子仁、詹金斯这些个按部就班堆桥段、攒特效的导演按基本形成的超英类型片框架去构筑电影宇宙而不是使出钦点某某某做总指挥还用另一个某某某演蝙蝠侠这种自毁型大招的话，现在或许已经可以看到漫威的后脑勺了。
62,年度最爽翻超英电影，看特效已值回去水族馆的票钱！温导成功帮助故作深沉却屡屡失败的DC抢回观众缘，竟然打造了一个如此豪华的阵仗，如果不是在海底可以开发旅游线路了！迥异其他一些单篇超英电影潦草糊弄只为完成连接叙事，温导是希望两个半小时都热血欢腾，大主角海王没有外援也会失败，登基还有公主一半功劳呢！几组回忆杀拍得深情又有水平，脱离深海的寻戟之旅瞬间切换到谍战冒险片模式。希尔德美艳似黑寡妇，基德曼演起这类角色也越来越能打动人，威廉.达福莫不是奇异博士那边的法师兄长？
63,杀马特温拍了部武侠片质感的超级英雄…三叉戟换成金箍棒，海王变成孙猴子，这就是西游记第一部大闹龙宫啊。
64,想象中的沙和尚，大概就应该是这个样子了……
65,天选之子的成王之路。特效极为爆炸，故事略显老套。whatever 除了海族盔甲风格太像塑料玩具啦。
66,西西里岛和海沟国（这里真的是恐怖片的拍法了）两场戏最喜欢
67,波澜壮阔的海底世界形成了《海王》极具视觉冲击力的惊艳奇景，而接踵而至的鏖战，更是使电影从始至终维系了以出色的节奏掌控，面对一个原本甚是老套的英雄故事，温子仁的执导在尽显其个人风格的同时，更在DC电影一贯的暗黑色彩中焕发了新的生机。
68,跟幻想中的亚特兰蒂斯不太一样，感觉跟西游记里的龙王宇宙能连上……
69,这种规模的超英片剧情不会有太大问题，当然也不会给你很大发挥空间，兄弟夺王位的故事讲了好几百年，最近的跟黑豹也差不太多。但温子仁确实牛逼，在这部中国比美国上映还早的大片里为亚裔导演争了气，这得益于他在各种类型片里磨练出的一流商业嗅觉，和对视效、节奏的绝佳把握。行云流水的打斗、运镜、转场、闪回，原生态又高科技的亚特兰蒂斯，西游记即视感的七大王国虾兵蟹将，气势磅礴的海底战争，逼格恰到好处的耍酷pose、眼神、定格，再加上西西里的迷人风光，一点点浪漫爱情调剂...融为一部大众喜闻乐见的年底超级爽片。而温子仁才41岁，未来会有更多好莱坞头部项目交到他手里，勿捧杀，且期待。
70,"3.5 整体持平《黑豹》并列年度最佳超英片。
在视听语言和特效场面呈现上，肯定能在超英片史上排到最前列，“海陆空摆盘式”的绚烂和丰富、不断更迭的类型，甚至到了无所不用其极地步。搭配上各位主演的卖相，会让人产生强烈的愉悦感(考完研会迅速买票二刷)。
然而剧作的确成问题，它的几个拐点和主要人物塑造都比较粗暴，剧情容量也显得过度，架构有点“封神传奇”😂。但在温子仁的操盘遮掩下，节奏处理得尚可，家庭情感的几条副线又很撑气，竟然在最后给人一种“傻大个也要有层次”的良好感觉。"
71,奔波儿灞和灞波儿奔打起来了！最终奔波儿灞凭借一口与海鲜无障碍交流的好外语，拿到了金箍棒。【啥
72,很长一段时间我能认同的非人类超英只有Chris Hemsthworth的雷神 现在这个名单可以加上Jason Momoa的海王了 温子仁的配乐还是一如既往的烂 但是造气氛还是一如既往的流毙 五星娱乐向。
73,《海王》：《超人：钢铁之躯》以来的DC电影宇宙里最喜欢的一部！虽然剧情中规中矩，但多达26％画面内容的IMAX特效场面却超乎预期的给力，像是《海底总动员》+《悬崖上的金鱼姬》+《阿凡达》+《侏罗纪世界》+《加勒比海盗》+《星球大战》+《驯龙高手》+《哥斯拉》+《魔兽》+《指环王》的结合版，不够新鲜但足够震撼！观影时还联想到《西游记》，维科像是菩提祖师（造型有道长的影子），海王去海沟族领地寻找金三叉戟则像孙悟空去东海“借”定海神针，海王最后耍三叉戟则有悟空耍金箍棒的感觉。
74,一刷广州UA花城汇暗IMAX迟到错过似乎十分精彩的30分钟，我哭，犹豫三秒还是进去看了毕竟还有五分四啊，希望东莞华南摩尔万达IMAX二刷完美，湄拉的胸好美啊目不能移，妮可妈身材保持得真好，妈妈再爱我一次，温导的认真不堆彻，连密恐细看之下都经得起看竟然不密恐了，被温导治好了密恐，大概没人能把水行侠拍得更好了，还友情预推了下陀螺儿童不宜版匹诺曹？哈哈，继续坐等沼泽怪物。20181209@东莞华南摩尔万达激光IMAX终极完美二刷，hail克总hail dc.
75,视觉效果真是太惊人了，对海底世界的构建之惊艳程度直追当年（阿凡达），那些爆炸的想象力和画面完全让大银幕前的我目瞪口呆，尤其结尾的三军大战真是目不暇接，即使整个低配版（夺宝奇兵）的寻宝故事和王位争夺很逊很肤浅也完全能原谅啊！ps：招魂男怎么也像哥哥多过弟弟啊。
76,好看的！一定要看IMAX！视觉轰炸强过《复联3》，怪不得漫威最近这么密集发新片预告。温子仁其实最适合给迪斯尼拍真人电影，《海王》就是一个标准的童话故事。扎克·施耐德给温子仁当了执行制片人，可以的。十二月最佳先给《蜘蛛侠：平行宇宙》留个位置。[愉快]
77,我不认为这个剧本多出色，只能算是没有扣分项。但是温子仁真的就是吊啊，用他娴熟的运镜能力和罕见的史诗奇观把这部片子打造的如此绚丽。同样都是因为妈妈而停战，温导就能处理地那么牛逼那么温暖那么让大众有共鸣！一生吹爆温神！
78,不好意思，从Aquadog出现开始已经丧失理性
79,放轻松，超英这个标签可以暂时拿掉，匹配海王的应该是【奇观】【史诗】这样的词汇。这次的温子仁的功课做得非常足，从詹姆斯卡梅隆多年前的《深渊》、及其破纪录深潜科研的素材都作为教科书来取经。人类栖息海底后多种族的分杈进化、地心藏海的古早科幻致敬，还有巨兽本身都让人震撼抖擞。彷佛提前窥见到了海底潘多拉的一面。and扎导给海王定下不同于漫画的摇滚人设，在温导的调教下可以说更加可爱了。今天之后，在断壁残垣的DCEU里，海王再绝不是边缘角色。
80,"零点首映场@UME 7分+ 温子仁的DC宇宙宏大而不乏机趣的小段子，娱乐性大概是今年大片之最。试听方面因看了个前SIFF厅改的假Max折扣不少，场面节奏铺得过满易乏后力。蠢萌男主相当状况外，反英雄主旨港台译名水行侠更为贴切。俩女主养眼，匹诺曹牌燃气灶周母雷雨梗情侣去死团金银大王海底大决斗等交互烂梗令我快落。友提值得高亮IMAX/杜比厅。两个联想：1/曼森歌词云Travel the world and seven seas, everybody is looking for something... 当沙雕游记不错看，西西里段尤佳。2/世界右转反乌托邦，失落帝国重建的政治相当看似正确又反戈自黑。"
81,视效惊喜。
82,最大优点是节奏极佳，故事就真的很一般很一般。视觉效果的想象力的确厉害，但其实就是水下版陆地奇幻，大部分概念有迹可循，根本谈不上视觉奇观，更不要和阿凡达比。温子仁的DC和罗素兄弟的漫威相比，最大差距是，海王中的人物非黑即白趋于扁平，而美队23妇联34中的角色几乎都是灰色的，好人有缺陷，反派也有魅力，以至于紫薯精这等大反派都有很多粉丝。
83,请问六岁小孩儿看完以后天天拿个两叉戟（晾衣杆儿）在家狂转怎么破？
84,海底打架这么美味的吗……我怎么看到了火爆大鱿鱼
85,其实这个故事我觉得挺武侠的，但是加上温大神的私货，妈呀，化学效果太玩味了。#我DC扬眉吐气一把了
86,好看。特效精彩，想象力丰富。还有男主角太MAN了，好性感！女主角超美的！一路看下来觉得视效很爽，剧情也不错，温子仁水平挺不错。
87,简直神片，星球大战+阿凡达+冰与火之歌+海底两万里+哥斯拉+夺宝奇兵+谍影重重+西游记+圣斗士+魔兽世界…………爽点太满了
88,温子仁牛逼，这部商业片拍得的确很成功，开场后每一秒都是高潮。海王的起源故事更加完整，亚特兰蒂斯王国视效引人入胜。湄拉的选角真的太美了……最后，DC这个故事值得五星。
89,明明是海鲜之王，自己游泳比较快还非要骑个海洋生物
90,擎起金色三叉戟的亚瑟，终于完成了从fishman到aquaman的“进化”。几乎每个80后都曾在《圣斗士星矢》的陪伴下成长。海皇波塞冬和他的三叉戟，曾经是他们童年记忆中的经典画面。据说“海王”亚瑟的原型，正是来自于希腊神话中的海神波塞冬。对于导演温子仁和他的信徒来说，《电锯惊魂》和《招魂》为他培养了无数死忠粉，《速度和激情7》则证明他完全有实力驾驭大型商业片，而《海王》简直给了他一次彻底放纵的权利，和近乎玩嗨的一种尝试。
91,超出预期的好看！摄影好棒！温子仁拍的意大利和沙漠等好几个地方都美轮美奂 尤其是多场海戏 对于我一个热爱大海的人来说简直视觉盛宴！虽是英雄式电影但剧情其实也不低幼 寻找三叉戟带上了和平以及母爱是个好思路 而且诚意满满的143分钟里打斗戏拳拳到肉也是非常过瘾的！湄拉的红头发很美！今次真的要吹爆温子仁！！！
92,8.5分，海王这种硬朗粗犷的风格好喜欢，能感觉到是一部精心打造的电影，摄影很棒，海底国度和人物动物造型都有浓浓的复古科幻风，非常喜欢，而且很衬那种“long live the King”的气场，原声贴合主题，没有一味强调气势，柔和中有力量。DC宇宙中，海王有点二，小闪是真萌，大超老爷相爱相杀，神奇女侠颜值担当，钢骨……额。
93,"1.温子仁的才华和审美都是顶尖。破船战海沟族，依稀可见电锯招魂恐怖片的气氛。海底探险，穿插少年成长戏，优秀的夺宝超英片。节奏紧凑，对于爆米花电影的掌控力也是炉火纯青。杰森·莫玛和艾梅柏·希尔德身材一个比一个火辣，打斗场面和盔甲造型也不错，造型神似圣斗士。画面五彩斑斓，视觉效果很赞。

2.水平高于正义联盟、蝙战超等片，可以与复联系列掰手腕。但没有达到星球大战和魔戒的水平，用此来尬吹的太过头了。

3.以及把海王拿来和诺兰蝙蝠侠三部曲来比的，麻烦去医院治治眼睛，根本就不是同一个风格的。硬说成海底阿凡达的也够了，很爱温子仁，但请不要捧杀他。"
94,宏大如英雄史诗，七大王国和权斗让亚特兰提斯和背后的世界观变得气势恢宏；好笑浪漫如生活片，主角作为outcast第一次适应新身份有着很古怪可爱的反差萌。前段的背景铺陈不冗长，中段用爱情亲情调剂，最后再大气收尾，编排得不让人无聊。此外Nicole和Amber组成了超英片里女性角色最高挑亮丽的“风景线”。特效中的“飞水风中转”和“万兽齐游”很壮观，算是一个不错的开局。
95,多个一星，给最后的孙悟空。讲的是找龙王借定海神针，率领虾兵蟹将斗败六耳猕猴的故事。讲的也是青铜圣斗士角斗失败后找到黄金圣衣，战胜白银圣斗士的故事。影片的动作场面大大优于舞美，海底世界大概齐有西游记的影子，至于服装造型就更有些露怯。漫威DC的最大贡献在于把罗马半神人的形象具化了，贡献了男有美队雷神黑豹海王女有神奇女侠黑寡妇海后一系列长腿波霸。
96,看的很过瘾，各种元素调配的恰到好处，是部成功的商业片。好巧不巧的是我前段时间写的一个科幻中篇，也是写的亚特兰蒂斯，然后看电影时会不自觉对比，我描述的场景好土！然后，全程羞愧，怀着破碎的小心脏冒着冻雨走回家，觉得自己写的就是狗屎😭
97,吹爆温子仁！文戏尴尬但是武戏太slay了完全不够看，还非常私心地加了几场jump scare。DC真人电影终于有翻身的一天了我爆哭
98,本来想打四星的，特效无敌了，很牛逼，但是剧情太老套，扣了一分，但是妮可基德曼的颜值又拉回来了，好吧，就五星了，推荐。
99,特莉丝梅丽葛德大战钢铁兄弟会！
100,我站小王子！一个缺爱的中二少年。音乐厉害，虽然一段一段连不太起来（西西里房顶上忽然就超级玛丽feel了），但胡来得很带劲。
101,海底的亚特兰蒂斯世界，就是星战＋阿凡达＋指环王完美融合的世界！show off！Aquaman fucks me!最后一幕太show off！
102,看完最大感受是P1S 正联 雕像即将大热卖、、
103,流畅的运镜、瑰丽的奇观和张弛的节奏足以值回票价，更让我兴奋的是温子仁集商业类型元素大成——从「哈姆雷特」的王子复仇到「古墓丽影」的惊险探秘，从「印斯茅斯的阴影」的克苏鲁恐怖到「罗马假日」的唯美爱情——打造出一部难以定义的新超级英雄电影。然而最让我惊喜的还不止于此而是，温子仁在一个西方希腊神话故事的外衣下暗藏了一个东方功夫宗师传奇，东西方的文化元素在温子仁手里玩味得如火纯青，这一点比朱浩伟的全亚裔「摘金奇缘」更加值得赞许。当然以上三点是在牺牲了人物形象塑造与主题表达统一的基础上实现的，这也是《海王》最大的遗憾，因此《海王》可能算不上神片，但绝对是DCEU的救市之作。
104,视觉的确美爆了。同时也中二极了（in a good way）。小美人鱼喜欢拿了金箍棒的孙悟空，可以理解。但是为什么Patrick Wilson还这么年轻好看？我站王弟这边呢，他的纲领只要去掉吞并海底诸王国这条，就是对的。最爱深海沟里群怪围着一团红光那个画面。
105,"“妈，你也支持我哥吗？”
“你们都是我的孩子，我一样爱你们…”
“好的，妈，再见。”"
106,"7.9
超英的崛起都大同小异，就看特效能否合乎心意，近身肉搏屋顶跑酷好似素鸡动作戏，海沟下潜展现恐怖才华功力，一路寻宝风景瑰丽，角色众多还数妮可最为美丽，别吹什么海底版魔界指环王星球大战这就是属于温子仁的西游记。"
107,温子仁的确打造了一部与众不同的DC电影，把他擅长的元素都加了进去，开场就定下恐怖基调，然后来了一波曾经最熟悉的温子仁式动作戏（室内环绕运动镜头和90度的翻转镜头）后面还塞了不少速激式摇滚乐，就这点来说温子仁成功把他所长之处很好地结合进电影里。叙事模式上多次转场来交代前情或推动剧情，使得前中期叙事效率高，让人感觉超英电影里那些尴尬台词文戏不太冗长，且能照顾多故事线，但也因此让每条故事线情感都不饱满不够有说服力，最让人失望的是越往后画面越来越精彩（的确有海底指环王之势），但随之给主人公设置的障碍越来越低，尤其在取三叉戟那段感觉是真的编不下去或者没钱了，最后拿到三叉戟之后更是一路顺风，终归还是没写好第三幕。这部DC如果大爆之后，扎导可能真的就凉透了，执行制片人署名扎克施耐德太讽刺了。
108,一定要去看iMax，一定要去看iMax，一定要去看iMax，特效吹爆！！！！！明天去二刷！！！！
109,看完特别饿，想吃海鲜锅。
110,超级大爽片。离《阿凡达》《指环王》这样的经典只差一口气。说到底，还是情节太赶了。作为观影人而言，十分满足，只是少些回味。
111,海王如何拯救了亚特兰蒂斯没让他们攻上陆地碰到超人的故事
112,【8.2】在两个多小时的时间里温子仁讲好了一个俗而不烂的故事，带我们领略了前所未见的海底奇观，以及海王和媚拉精彩的冒险之旅。作为一个超英起源故事，这个世界观的铺垫和场面的呈现已经是非常庞大了。只可惜在故事的深度上没有深挖一笔，哪怕最后刻意煽情下也好啊！温子仁的运镜，已经对于商业元素的运用在二三幕集中爆发，拯救了平庸的第一幕。至于那个烂的要死的配乐我真的不想提了，让他就地活埋吧！！
113,没看过的电影太多只好挑一部最热门的海王，托这个电影的福，没看之前我真不知道自己有深海恐惧症，也没有看到网友剧透说影片中将出现大量的巨型雕像，所以我深海恐惧和巨型雕像恐惧症一起发作，我看的还是巨幕！差点一口气没上来死在电影院里！断断续续看完了全片，深深被海王荷尔蒙打动，希望有朝一日他能抽空强奸我……
114,嚯！圣斗士要这么拍多好啊～跟看海皇篇似的～白银果然还是干不过黄金啊！DC这次表现还不错～
115,Salav nos Star of the sea                                                      看了一场上天入海的侏罗纪、阿凡达、异形、指环王、海底二万里大戏。海花乱坠～终于从海王这里get到了肌肉之驱的美感193小公主名不虚传～ps威尔森已经是温导的御用男演员了吗？好想问妮可驻颜术是怎么练的，颜值仿佛回到《小岛惊魂》时期简直太抗打。女主海底装很像是穿了紧身衣的小美人鱼。哦！btw最后的彩蛋我只想问为什么黑人兄弟你的命那么硬？期待温子仁来拍第二部
116,吹爆小温！作为一枚顶级恐怖片导演小温的审美实在太优异了！！！视听水准甚至超过watchmen成为我心中的NO.1！很中二，很西游记，奇妙的没有一个我特别喜欢的演员但每个角色都很讨喜。什么时候正儿八经的西游记能到人家这种工业水准啊…（哀怨的看着老怪…（最后！克总万岁！！！！！
117,3.8星+。温子仁步步封神，逆转DC颓势，送上这部有打有笑有泪的爆米花，将超级英雄solo片拍出如此大的格局，实在是高！史诗感融合中二感，DC目前节奏最好的一部。1.海王真特么狂野，湄拉真特么酷，妮可基德曼一米八大个儿一般男人还真驾驭不住哈哈。2.确实拍出了水下版《星球大战》的feel，配乐劳苦功高。3.海底一族的扮相非常“东海龙宫”，总有种进化不完全的感觉，而且弄得我有点想看海王大战哪吒和四海龙王。4.喜欢海王湄拉出海和西西里风光那段。
118,人类真的很幸福啊，各种大反派都想毁灭地球和人类，结果总有英雄站出来帮人类把问题摆平，最后人类看着正邪对决大战说“打得真好看”。
119,#年度佳片#分明是一部DC商业大片的标配，却被拍出了《王者归来》一般的史诗格局。除了工业光魔让人叹为观止的特效场面，还有Amber Heard与Nicole Kidman两大美女倾国倾城的颜，拥有魔鬼身材的长发海王，他被称为血统不正的野种，依然可以号令群雄称霸海洋，为爱人老妈奋勇杀敌的古典故事，励志有爱又很燃，而海底如梦如幻的美景更为影片加分不少。不得不说，温子仁给华人长脸了，对他的下一部已经有些期待了。
120,越来越感觉到，流行文化中的绝大部分，本质只是对经典与伟大作品的模仿和荟萃。不是说它们不好，而是如果我们浅尝辄止，停留于此，只会成为流行文化的奴仆。
121,自2014年《X战警：逆转未来》与《银河护卫队》以来（我看过）最好的超级英雄电影。亚特兰蒂斯入侵咸水族的场面闪回到了《星球大战2:帝国反击战》，只不过将场景从外太空移植到了海洋中，相似的是卢卡斯和温子仁二人对特技场面的极致追求。如果没有看过《海王》，我会认为曾经看到的就是如今特技技术的顶尖水平，因为温导知道如何利用特技，最大程度的挖掘特其优势，跟随海王的视角，观众得以窥见海底世界的一角，从瑰丽的亚特兰蒂斯王国到阴森恐怖——夹带私货的海沟族领地，从无尽的沙海到神话中的地心藏海，满足你对海洋文明的一切幻想和对幽暗深海的一切恐惧，就是这一角便足以让观众大饱眼福。
122,这大概是DC的超级英雄电影中最不是差评的一部大片了
123,不再强行黑暗的DC，终于奉上了精彩的电影。温导成功的营造出了瑰丽宏大的水下王国，并且不失本色的多次加入了jump scare。亚特兰蒂斯拍出了真正的潜藏高文明，原始体系和超高科技的结合。单打独斗的动作戏酣畅淋漓，群情鼎沸的战争戏恢宏壮阔。人物角色个性鲜明又印象深刻，王者风范的海王、性感妩媚的海后、美丽动人的女王、野心勃勃的奥姆王、深仇宿怨的黑蝠鲼……遗憾的是，海王海后的背景和亚特兰蒂斯的情况，都与《正义联盟》产生了逻辑矛盾。
124,我不懂为什么口碑这么好诶。当然特级很炸了，但是故事真是让人毫无感觉嗷。没有一个人有性格，没有人做事有说得过去的原因…
125,实力心疼一波帅弟弟，爸没得早，妈妈不想，舅舅不疼，女友还劈腿，一心致力于环保，辛苦20年结果沦为阶下囚。至今不能相信海王居然靠嘴炮说跑了史前大怪兽，以及最后打败弟弟的绝招竟然是齐天大圣定海神针同款用法（耍棍棍）。良心推荐，画面实在是太美了，带着信号弹驱散海怪坠入深渊一幕太梦幻了。不过话说回来，人类倾倒的石油和垃圾怎么处理请海王陛下下集好好讲一下。
126,咸水王国国王的蟹钳被砍下来的那一刻，我饿了。
127,［A+］IMAX零点场首映，《海王》无疑是一部前所未见的超级英雄影片，温子仁导演再次证明了他对大制作有着出色的掌控能力，且富有才华。超凡想象力+精良特效为观众展现出了绚丽夺目的海底奇观，颇有水下版阿凡达气质。剧本稍显简单，不过全程大场面，节奏紧凑毫不拖沓，陆地到海洋，海洋到陆地打到爽，寻找三叉戟还有几分寻宝冒险片的味道。海马，鲨鱼，沧龙，蝠鲼船，巨蟹机甲等看的一本满足，海沟野蛮人简直是异形的升级版，令人激动不已。卡拉森怪兽出场帅爆！可惜总共没有多少镜头，略感遗憾。此外影片虽设置了些许笑料，但没有像漫威那样迎合市场般放肆，尽可能的侧重人物形象，打造DC应有的品质和风格，这十分可贵。
128,简直是后摇加旋死加新世纪啊，妥妥的北欧范儿，乐迷的好福利啊。
129,特效太惊艳了吧，海底大战这个气势恢弘完全不像投资1.3亿啊，各种恐怖电影梗真让人开心，湄拉的脸海王的脸奥姆的发际线真让人想舔，西西里岛配乐的电子游戏感真可爱！情节剧嘛不就是看个爽，还要啥人物弧光又不是拍艺术电影，过不过分嘛！
130,随意翻了下打三星的网友的主页，结果10个中有9个近期给漫威打了五星然后反手在这打了个三星以下的评分，太真实了吧😂
131,1、白素贞和救命恩人许仙结婚生子，却被不懂爱的海法拆散。2、杨过十六年后绝情谷底再见妈妈小龙女。3、孙悟空在东海拿到了定海神针，一统七海，封圣称王。4、温子仁不愧是华裔导演。
132,宣发是不是太低调，比起去年正联的易拉宝和海报还有周边，低调必成大器，pls explode. @武汉壹方百丽宫
133,"有明显缺陷，但整体来讲还是太震撼了。
即使片长达到140分钟，还是感觉很多地方只能简单略过。有些笑点比较一般，流行歌曲的插入有点突兀。

但除此之外，优点之多完全掩盖了缺点。特效，色彩运用，动作设计，服装设计和战争场面均是全年最佳(甚至是阿凡达之后最佳)。温子仁用1.6亿的成本，拍出来4亿的效果。

他还将他出色的镜头运用在这里发挥的淋漓尽致:大量令人窒息的慢镜头，跟随镜头，长镜头和旋转镜头。

最后的战争场面是星战+指环王+哥斯拉，最后的单挑决斗时海王的王者气息爆棚，整个过程行云流水，叹为观止。

9.25/10"
134,海王有一样过人之处：跟鱼说话。不要以为这是一种没有什么了不起的功能，跟海底的动物说话，倾听他们的真正想法，这是一位贤君才会做的事情，动物在海底世界是最低等的，代表着“底层人”，也就是老百姓，海王赢得了民心，所以他才能得到权杖，他是人民的选择，而不是一个养尊处优的高高在上的国王。他就是海底版的“平民政体创始人”忒修斯
135,dc放弃了剧情，全靠特技。海底阿凡达版夺宝奇兵。这个故事告诉我们，出身不行不要紧，关键是会一门别人不会的外语，出国回来镀个金，就贼牛逼了
136,全程无尿点，从头打到尾，史诗级场景，非常优秀的套路商业片了，温子仁用海王和速激7证明了他并不只会拍恐怖片。另，招魂潜伏的男主这回不驱魔，改行啦。
137,140分钟的电影，到底讲了多少个故事？美人鱼、定海神针、火影忍者、小蝌蚪找妈妈，需要这么多梗吗？还有这位导演总是突然爆炸、您拍恐怖片拍惯了吗？？？
138,应该算是今年超级英雄电影里到目前为止最喜欢的一部了。
139,抢我王位还抢我老婆，当老二就是命不好
140,面对马王我还能说啥，身材美丽的大牲口哟！！！嗯，而且他由于骑了海马，从马王升级为海马王了……女主很漂亮，就是她的礼服裙，脖领子那一串老醋蛰头让我有点出戏~
141,1.amber也太能打了 这么美的红发媚拉好圈粉阿 dc挑女英雄的眼光还是很独到的 2.希望每次切地图的时候 配乐师能冷静一下 3.海王作为元老级别二线英雄 之前对他的印象居然是少正里面海少家的头头...一直以来作为一个辅位角色 还原其起源身世 有着非常超英特色的家庭结构 一个没什么可聊的 正统的真海选之子形象 居然觉得帅到爆炸 一定是被花里胡哨的特效迷惑了 4.超喜欢水下世界里 人物飘荡起来的头发 5. 二 刷 了
142,1. 如果Aquaman是海王，那Kidman就是孩子王没错了，也十分符合剧情[笑cry] 2. 海王他弟一直让我想到道明寺？！3. 海盗素不素审美观有问题，刚给他的时候白金色的武器多好看啊，非要改装成个大蚂蚁...
143,二刷imax版后加一颗星
144,“我们已经错过了在大屏幕上看魔戒的年代 还好我们还有海王”
145,漫威电影宇宙像英雄聚义，一个个先单打独斗，最后为共同信念合为一股。DC电影宇宙似乎反过来，登台大合唱，再轮番solo。想了想，原来这是偶像套路啊，那我们只管打call就好啦。DC还有个风格，就是每个人的故事都恨不得讲许多，情节非常饱和，尤其考验导演。还好海洋里无分上下左右，温导的旋转镜头和画面切换游刃有余，让童话与恐怖片、粗暴与优雅并存。印象深刻的画面很多，亚瑟与湄拉潜入海沟国的场面分明是多雷的《神曲》，冲上海岸小镇的巡逻艇让人想到《幽灵船最后一次航行》，灯塔就想到显克微支《灯塔看守人》，地心藏海则是《地心游记》。人类眼中的海与亚特兰蒂斯人的海都游历遍了。另外，梗也不少：先是克总，接着海皇祭坛和七海帝国仿佛圣斗士，Kraken竟然是八尾，沙漠桥段又像蝎子王之类冒险剧。好了温导，不要去拍鬼片了，继续这系列可好？
146,故事虽然从开始到彩蛋都蛮俗套的，但去电影院看大片就是看巨幕特效啊，反正第一次进入亚特兰蒂斯王国和海王举着三叉戟出来的时候，我都惊叹的“哇”了一声就够了，全程爆燃，同时满足了男性观众和女性观众的荷尔蒙刺激和激情幻想，把近五年的大片高潮全部糅合在一起，导演就是这么牛，想去二刷
147,漫改我还是喜欢这种主线清晰，人物成长路径明确的。海王的个性算是鲜明，当然更鲜明的是他的肌肉。女主作为brainy去搭配，人物的互动和剧情的推动节奏快不尴尬。海底世界做得很漂亮。水底打斗的镜头看得出费了不少脑筋。追击戏也带感。爆米花电影看得挺爽快。
148,海王最精彩的群战场面，居然是大闸蟹大战皮皮虾……虽然看上去是关于二婚后，两子夺嫡的传统故事。但这在本质上涉及到了立嫡还是立贤的问题意识。这是肥肠新清史的叙事讨论，学好新清史，走遍七海都不怕。
149,剧情是真老套，台词是真幼稚，特效是真酷炫，妮可是真女王。《海王》算是给dc及时止血，接下来华纳要稳扎稳打别再出昏招了
150,克系+賽博朋好看，也看到章魚打鼓了，可愛可愛！派翠禿的演技在裡面太豪華了，最後大團圓真好？這片的美學好喜歡，溫導拍不拍克片？
151,武术指导不会是六小龄童吧？
152,四颗星分别给：克苏鲁元素（第一幕从房间内到灯塔上的转场镜头特意给了H.P.洛夫克拉夫特的名字一个特写）、古罗马元素（象征荣耀的华美雕塑变成沉没海底的断壁残垣）、性感的渔夫亚瑟王与美丽的亚特兰蒂斯女王。
153,"视觉奇观
温子仁牛逼！"
154,Make Atlantis Great Again！
155,海王刀枪不入，怎么做的刺青！？
156,看之前实在是被潮涌般的好评给吓到了，看完后表示……hm确实是还不错，但也不至于吧……除非是和DCEU之前的片子比！哈哈。确实不得不佩服温子仁掌控商业电影的能力，将暗黑与轻松结合的非常好。而且，其中Nicole和Amber两位女将各自打戏中的运镜也是酷炫到飞起，到底是亚裔，比其他好莱坞导演只会用碎到掉渣的剪辑来拍打戏强到不知道哪里去了。海底世界的塑造和视效也是异常拔群，让人不断感叹这到底是怎么拍出来的。但是整体看下来很难说突破了超级英雄片的窠臼，故事还是那样的故事，人也基本还是那样的人，只能说不功不过，很成功地完成了任务，但也没什么大的惊喜。
157,看了0点首映，果然不负外媒热评。超喜欢这类够MAN的英雄，这才是标准硬汉！我觉得DC的神奇女侠和海王要远比漫威的单体英雄要好看得多，至少达到复联级别的精彩。漫威太追求复联反而单体的剧情太薄弱了。海王场面壮观剧情出彩，可惜妮可和安布尔都是小胸妹。看完出来解急，站旁边的一大叔边尿边说：我草，太TM壮阔了，从没见过这么多的鱼……
158,炸裂，DC终于会讲故事了，不过也失去了点传承性的思考方式。有点像时髦值满点的Indiana Jones，也有点像没把故事说死之前的marvel。怎么说，多花点钱选块好屏看吧，物超所值
159,"这回轮到我们给北美剧透了hiahiahia —— 12.02
温子仁🐮B，拍了一部集合动作、冒险、奇幻、超英等元素的视听盛宴。IMAX观影效果爆炸的好，特别是音效。打斗场面也跟其他只有特效biubiubiu的特效片不同，大部分都是拳脚兵刃硬碰硬。有笑点也有一惊一乍恐怖的地方😂，观影时左手边的女孩子有三四次被吓得身体一抖。★★★★★ —— 12.08
豆瓣现在完全沦为低端黑的聚集地了，注册个账号，想打几分打几分，隔壁猫眼电影淘票票什么的最起码还得买过票打分才算数。 —— 12.19"
160,海王牛批，故事线密集程度极高，比起漫威从第二阶段的加长版抖音电影不知道高到哪里去了，认真讲好了一个故事，可怜的是居然有人认为蜘蛛返校季季雷神3之流拍得比这好……国内人群的审美居然低到这种层次了，着实可惜
161,那些个说剧情有漏洞的我也是服了，除了诺兰老爷子拍的蝙蝠侠其余的超级英雄哪个有剧情？你说你吃个老婆饼还非得里面有老婆，这不是挑刺吗。特效及打斗场面无解，镜头运用的也很精妙，对于亚特兰蒂斯这个国度的诠释很饱满。超级英雄里面，Batman第一，Aquaman第二。
162,真左派与温和左派的路线斗争，不用说，修正主义再次取得可耻但可贵的胜利——彩蛋没时间看，问工作人员了
163,热血漫
164,的确是冲着“史诗超英片”去的，瑰丽壮阔，也很燃。不说比拟，但着实会想起指环王的排场、千星之城还有西游记的定海神针。不认同“丢了暗黑风DC什么都不是”这样的说法，也没人规定DC本应该怎样，温子仁对大场面的调度和对140分这样片长的节奏掌控，已经非常纯熟了，但随之而来的缺点就是过于依赖奇观的堆砌，塞得太满而缺少透气——王位之争败下落荒而逃，直至拿到隐藏武器三叉戟，这个过程中海王内心成长塑造是缺失的，也缺少“成海王”的说服力；海陆间的对立面、亚特兰蒂斯种族之间的博弈也都被轻描淡写带过。这些都让故事更倾向于“童话“向，而少了DC宇宙的真实感。”或许真的只有拍到3个小时，故事更有深度，才能担得起“史诗”二字吧。
165,温子仁为DC电影宇宙带来了早应具备的娱乐价值，在叙事节奏的把控、激战的续航、场面的编排上极为突出。尽管文戏部分还存在着探讨空间，但存在于影像中的律动和纵深，实在难得。温子仁不仅为DC，更为未来商业片的发展方向提供了更多可能。
166,中二，帅，爽爆！by差点被尿憋死的我。
167,在《海王》的价值体系中，背叛与忠诚从来不是完全对立的，所有人都可能从硬币的一面走到另一面。亚瑟貌似背叛了给予他超能力的亚特兰蒂斯，却最终成为亚特兰蒂斯的王，守护着海洋和陆地的生灵；亚特兰娜女王背叛家国，忠于自己的爱情，但被流放至海沟国二十年，仍心系亚特兰蒂斯子民的安危；湄拉和维科背叛了奥姆，却又何尝不是因为对国的爱战胜了对君主的忠。再看反派奥姆，他血统高贵纯正，看似忠于亚特兰蒂斯，但他妄图把大陆化为焦土的计划又何尝不是把亚特兰蒂斯的子民一步步推向深渊。
168,4星半，漫改英雄片文本上基本都一个套路，尤其英雄起源，不要指望有什么高深的意义，而视觉呈现以及场面调度，海王不就洗去DC一直以来晦气，更加超越漫威任何一部英雄起源电影。
169,视效绚丽，松弛有度，从寻母，复仇，夺宝，争王等架构出海王传。#彩蛋在长字幕前就出了，太良心！#DC粉丝一本满足，且永不服输！
170,温子仁！温子仁！温子仁！还有妮可基德曼！然后没有了！
171,温子仁+黑豹+雷神+银河护卫队+魔戒。这其实像极了一部漫威电影，这也是为什么它如此好看。
172,虽然故事有点中二，剧情也很简单，但是导演温子仁厉害啊，特效厉害啊（请一定要看3D，IMAX版本），那个海王的胸肌简直，哎，害我一个男性也想去摸摸（还有，他紧身衣的裆部不难受吗？）。可是呢，就是有点讨厌他总会让我想到徐锦江。
173,看了几个评论，总结就是DC拍了一个漫威风格的超级英雄片，有人叫好说DC翻身仗，有人不喜欢认为丢了DC魂…
174,温子仁，DC救市主。将古典浪漫的“柔”与超英大片的“硬”相融完美，间中藏丧尸异兽等恶趣味，可以说相当“温子仁”了！希望剪成四小时、上下集版本，目前太满，牛逼不该成连环屁状发射呀～
175,虽然海王的豪乳粗腿让人湿裆，但是我想说好喜欢公主啊！！！这公主也太棒了吧！！！
176,导演居然是温子仁……锁了🔒
177,很好看啊，视效满分海底龙宫（误）长得太符合我想象了，就是马王最后那个造型实在是太像一根玉米棒子了...妮可基德曼返老还童...
178,很不错的奇幻爆米花商业片。IMAX3D效果确实爽，2个多小时毫不冗长。在剧情无法突破俗套的前提下，整体走视觉奇观的路子是对的。动作戏和长镜头设计也可圈可点。无重力的海底就是外太空的翻版，但景观更华丽，角色活动更加自由，加上奇幻的背景设定、用心的设计、全片特效包装。上天入海，奇幻科幻亲情爱情动作冒险恐怖元素俱备。秒杀《黑豹》
179,"1.奥姆真是惨，女朋友被哥哥抢走，谋士最信赖哥哥，被哥哥夺了王位，最后好不容易见到母亲，却对他说：孩子我支持的是你的哥哥😂
2.如今的特效电影已经不是靠炫彩的光线（复联2）,凶猛的怪兽（骷髅岛）和宏伟的战舰（超级战舰）来满足观众的需要了。温子仁真正明白怎么让观众高潮☺
3.140分钟的特效大片，竟然只花了1.6亿美元。扎导在角落哭泣😔
4.应该只有DC粉明白，我作为一个DC粉，在经历DCEU即将崩溃之后看到海王最后从水中跃起的那一幅画面时的心情。那时，我的心是抖的，手是麻的，眼是湿的（有点诗意😜但绝对是我当时的亲身感受）
5.入了DC这么多年，别人怎么看不起DC，怎么追捧漫威都无所谓。因为不喜欢DC的都是傻屌😡"
180,『海王』的故事告诉我们：多会一种语言有多么重要~
181,如果说前面还抱着去judge的态度，到海沟那部分就完全被视音效征服了，简直是商业之下的克苏鲁极致
182,温爸爸拯救DC于水火之中
183,剧情可以说是完全没有，但温子仁实在是太了解观众想看什么了。各种类型元素往里面加，每种都在视觉和调度上做出了新意。温导真是不可多得的类型片全才。
184,按说是三星，但这毕竟是蚊子肉，不对，是温子仁，三星半往上点吧。我也不知道吃错什么药了，老是在笑，海王一穿上金黄色盔甲和蓝色紧身裤我就笑爆了，最后公主举起海王的手高呼万岁时那走步，我又不知道怎么就想起了夜场里那些领舞，还有不少恶趣味，可能导演也没想那么多，总之我乐得一逼。严肃的说，故事老套，CG也视觉疲劳了。全靠温导的调度，让我在看到自以为的恶趣味笑的同时，没有睡过去。
185,DC宇宙水准之上，比神奇女侠更惊喜，视效一流，配乐和片尾曲更是一大亮点。不得不说温子仁牛逼，毕竟拍恐怖片拿手，很懂得如何刺激观众的肾上腺素分泌，好几个镜头吓了我一跳。但是再吹就过头了，所有的惊喜还是在类型片的范畴之内，划时代之类的词儿别轻易往上堆。
186,很好看，但并不比神奇女侠好看，但有我男神patrick willson!!!!!! 我还买了vip厅，躺着看男神！
187,温子仁，二代山姆·雷米正式达成！
188,剧情呵呵呵就好。海底世界水下奇观的构造绝逼不逊《阿凡达》。7.6
189,海与陆的碰撞，力与美的结合。海王是所有超级英雄里最会凹造型的没有人反对吧。
190,他们又是漫威又是DC，中国是不是也该整一整中国的超级英雄了？中国的斯坦.李，我们在呼唤你！（天幕新彩云）
191,看的零点首映，愣是把原本哈欠连天的我看到精神的可以去蹦迪，深海恐惧症什么的都要不治自愈了。虽然英雄成长故事都差不多但丝毫不影响我全程被打肾上腺激素，杰森莫玛和安柏两人浑身散发的男女荷尔蒙快把我包围了！有冲击力也有快感，是一部实打实的硬派英雄电影！
192,这么多迷影元素和类型杂糅，把单体超级英雄的体量直接提到了复联的级别，也算解决了超英目前结尾高潮早泄的囧状！不过建议温子仁和速7一样，见好就收，下部要想再拿点新东西出来，怕是很难了！
193,温子仁的电影就和他的名字一样帅气。
194,总结：动作戏很棒，爱情戏垃圾。开头棒，当中无聊到我头疼，直到海沟族出现我整个人“都给我嗨起来！！！”，温子仁拍海怪真是妙啊。另外导演对PW的爱是个人都看出来了，拍得那么美艳还有天理吗。本来在三四星中纠结，但是为了那说不是致敬扎导我都不信的画面还是四星吧。
195,温子仁的镜头，一向既有情绪，又有技术。这部里也交待得特别清楚。时空转换的转场极为通俗、流畅。这么庞杂的世界讲得很明白，照顾观众到甚至连《皮诺曹》都会再特别解释一下的地步！比较特别的是，他还把海洋拍出了天空（或太空〉的感觉。/克苏鲁的粉丝，比如我，看那些海底大型生物，会特别爽。后悔没看IMAX……/太极手势调水、耍叉子耍成金箍棒，还挺可爱的～不如温子仁拍一波《西游记》吧！/开场潜水艇里“水侠”的耍帅很幽默。/Amber的烟嗓比较出戏，毕竟从小生活在海底，怎么抽的烟……以及我发现我真的开始喜欢妮可基德曼了。
196,两个半小时极尽渲染之能事，打造前所未有的类型元素杂糅，将海底奇观全方位多角度展现，加上接连不断的鏖战，温子仁惯用的jump scare，从而维系了电影出色的节奏掌控，情感内核落在父母爱情的牺牲与苦等，人物成长弧光略为断层，回忆杀却衔接精良，文戏刻意幽默显现尴尬，故事推进部分潦草，比如三叉戟的求得，撇开膈应人的情节，音效视觉炸裂恢宏，动作场景拳拳到肉，用最放肆的态度打造巅峰效应，让一贯暗黑的DC电影焕发出色彩生机，海底世界版《阿凡达》，终极对决如《指环王》，海沟族《魔窟》围剿，用尖峰的想象力还原天选之子的成王之路，DC翻身硬作，擎天归来，绝地反击。★★★★☆
197,文戏武戏俱佳！今年最佳超级英雄电影无疑了！突然发现温子仁拍本片实在太对了，他本来就站在东西方两种文化的桥梁上啊！
198,后悔当初没有去电影院看阿凡达和指环王但海王弥补了我的这个遗憾。DC从来不缺好故事，就看是什么人来表现。温子仁大师再一次的向我们证明了自己的强大指导能力。DC没有翻身之说我更同意DC像是再走楼梯，一步一步的进步。而温子仁恰巧是DC的电梯。建议大家看这部片子的IMAX。震撼到你心底。
199,剧情无聊些，但特效超赞，让人想起了阿凡达。温子仁越来越厉害了。
200,"海王转起金箍棒，不，三叉戟🔱的那一刻真的帅爆了。
湄拉控制红酒的那刻特别美帅。
剧情就那样，海鲜大战看的我爸想吃海鲜大餐。
但是不错的，海马王强大的荷尔蒙将这剧情的平淡呈现出了不同的感觉～"
201,湄拉好美
202,"前期水准一般让我一度怀疑是不是被看过提前场的影迷吹爆的作品，随着海底世界版图一层一层的揭开，我信了温子仁是真要拍一部海底指环王级史诗片，特效的宏大放在09年是真可同阿凡达争冠亚的。温子仁不再局限于dc超级英雄，本片足以看出他的世界观之大以及野心，这部大卖后地位定将再次上升一个台阶。缺点的话看到海王释放霸王色的瞬间还是暂时无视了。
PS 某导演中途还是不忘老本行
PSS 媚拉有寡姐的气质
PSSS 为了不打折扣的特效，一定要看IMAX"
203,超超级大爽片。没啥好说的，DC终于硬了一次。
204,温子仁真是名副其实的“救火英雄”，《海王》各方面比《神奇女侠》成熟得多，科幻，冒险，动作，甚至还加进了自己的一点恐怖元素，不得不佩服温子仁对电影把控能力真的是“教科书级别”！！！！
205,海底世界的设计华丽炫酷，保存三叉戟那地儿果然是海底阿凡达既视感。DC世界不再黑暗沉重，感觉也随时有尬舞的可能性。剧情套路太多，天选之人、真正的国王、他妈一定没死、头号反派一定没死等等，没什么错，但也缺乏惊喜。看的IMAX，视听效果很棒。期待温子仁更有力量的作品。
206,黑蝠鲼刺杀小队滥轰意大利小镇刀刀见血，各色近身肉搏痛感十足，好评；但主角强大过头，即便密集恐惧海沟妖怪啥的也毫无紧迫感，再加上冗肿无聊的文戏剧情搭配温导的口水歌品味，有点尬；彩蛋预示了续集的名字：《海王2：主体思想的复仇》
207,我只能说头一回看零点首映没有押错宝，意外的好看，DC这次真的下了狠心，两个半小时无尿点，整体感觉“大而精”：大场景大肌肉大鱼大虾大怪兽，个个呈现得绚丽精致叹为观止。场景变换密度之高，每一次都仿佛进入另一部超级大片中，不禁感叹光影科技都已经进步到如此程度了吗。男女主都过分养眼，更不要说竟然还有妮可女神。非要挑刺的话，跟漫威家插科打诨的英雄特色比起来DC内核还是略显沉闷刻板，不过从神奇女侠到海王这一路看来，人物色调日渐明朗，未来的成熟风格还是令人期待。
208,看片3大理由：温子仁、“卡奥”、妮可基德曼~能拿来吐槽的梗太多了，惊喜到不行~关键“历史总是惊人的相似”，去年和今年，同一季节，你们还是下班临时被叫住开会，而我始终在休假中提前到场等待~哈哈哈哈~
209,爽！看饿了，满屏海鲜
210,勉强四星吧，为了给惨成狗的DC鼓励……确实是震撼十足的海底视觉奇观，特效配乐可以打五星，最喜欢冲破突围进海沟族那段，叹为观止，海底世界的塑造也非常惊艳，同时温子仁对电影节奏的掌控是毋容置疑的，他完全知道哪里吓你，哪里该感动你，但剧本仍旧是DC的硬伤，只是特效奇观掩盖罢了。人物行为动机薄弱，反派弱鸡也没有足够的人物魅力，成为海王嘴炮就行。海王作为海陆的桥梁仅仅是靠说而已，到底为什么是桥梁，为了什么而战，基本上没有确切的说服力，希望续集能仔细刻画海王的成长和桥梁的作用吧。DC还是那个最大的缺点，一口气想把人物立起来，但漫威把人物铺了十年，拔苗助长的硬塞和设计果的铺排优缺点对比非常明显，但你问我会不会期待DC？当然会的，只是希望每一次都能看到更多的进步。
211,拍的很棒，先上厕所再进场不然真的要憋死。另外好像有水军刷分了？豆娘不是吃干饭的，不管你电影好还是烂，都不要来刷分，不然你妈坟头会开始群体蹦迪晚会的。
212,有一种 幼稚兼有生态观 粗狂兼浪漫着 的萌感
213,首映 全程无尿点 期待第二季
214,海马王领着多拉斯克大军下海了，七国药丸
215,温子仁给出了DC超英片中的最佳，这是部典型结构的英雄旅程，浸染着男孩女孩心中还色彩斑斓的童话印象。
216,天啊海王实在太帅了，我一直在咽唾沫啊，好想..........啊啊啊啊
217,08年奥运会主题电影：同一个世界同一个梦想。特效牛逼，剧情就像玩单机啊，不断刷boss开新的副本，买三叉戟送黄金圣衣，黄金圣斗士vs白银圣斗士，海王最后那招分明是大圣耍金箍棒吧没错吧！导演可是华人啊！开头真的想不明白，一个能把潜艇推出海面的这叫人吗，不跑还拿枪打，谁给你的勇气，梁静茹吗？海怪对话那里再次告诉我们，学好一门外语有多重要！
218,本片成在野心，过在野心太甚。【永旺中影】
219,感谢豆瓣IMax专场，超棒的视觉感观：从灯塔情缘快速跳进壮阔的海底世界，跟随游历幻想之都亚特兰蒂斯、沙漠古墓、海岸小镇、海沟峡谷、深渊王座，最后烈焰战场千人万鱼巨兽震撼厮杀，让我找回了首次看《阿凡达》的振奋心情。镜头精心打磨：一镜扫荡，远近切换有度，第三人称追尾走位，偶尔留点特写小幽默缓场，完全周密照顾观众体验。尽管剧情简单，快节奏流畅完整足够。所以，我也决定吹爆，年度院线特效最佳，温导开启DC杀阵新纪元，不看吃亏。
