,ordinary_comment
0,一出爽片，告诉D家还是别玩深沉，适当鸡汤、疯狂爆米花，这不就挺好。放几个微博号，拔高至电影史，完全不必——太像一堆水炮。电影算好看啦，问题有超级英雄的自身软肋，像除了不想当海王，就没有性格毛病了。温子仁花大气力构筑的不同场景，确实花哨诡奇，但始终难以统一，比如那段跑酷的必要性，比如两次大场面，全部靠鱼海对决，看多了还是一个样。角色参与感太弱，尽管虾兵蟹将死那么多，who cares。一致叫好的海沟族，是照恐怖片的惊骇拍法，私货刺激，构思清奇（却还是解决不了我的困惑：主人公在海里像鱼雷速度，坐人类小船飘啊摇的干嘛）。至于夺王位的故事，全部是抡叉撸铁的蛮力角斗，打不死不说，挂个彩都好难。最后，那位苍蝇头反派，真的不是用来搞笑吗
1,还行，没吹得那么好，有点像强化娱乐性的海底版《黑豹》...故事线极其简单，打戏遍布扩成了143分钟的篇幅，对路人非常友好，不过这类过度炫目眼花缭乱的特效已经越看越麻木，什么海底《阿凡达》吹太过了，坐等《阿凡达2》的潘多拉海底世界吊打吧。7/10
2,温子仁完全疯了，主要是华纳也疯了。大概排序是这样的：新全面回忆→海底总动员1→猎杀潜航U571→龙虎门→2012→角斗士→夺宝奇兵1→速激5→指环王1→异形2→星际迷航3→侏罗纪公园3→星战前传2&3→诸神之怒，还有贯穿始终的70年代特摄美学，吓得威廉·达福都不敢放肆表演了。怎么说呢，所有港片迷也都得跪下，这是《封神传奇》膨胀一百倍后的样子。从电影主义出发是两颗星，但我会像喜欢《封神传奇》一样喜欢这部电影。
3,海王可能要被微博营销号给奶死了。。。
4,看了个午夜场，太尴尬了：海王登场，集体鼓掌；海王被击败逃跑，集体鼓掌；海王跳飞机，集体鼓掌；海王打败蝠鲼，集体鼓掌；海王他妈出现，集体鼓掌；海王拿到三叉戟，集体鼓掌；海王初吻，集体鼓掌；海王称王，集体鼓掌；温子仁字幕出现，集体鼓掌；彩蛋播完，集体鼓掌；全片播完，集体鼓掌……合算我是大晚上看了场海王演唱会啊！PS:虽然从头打到尾，权力游戏阿凡达星际战舰指环王星战共冶一炉，但最好看的一场打斗戏却是在西西里陆地，你说有多尴尬？
5,场面宏大，视觉轰炸，剧情就真的很水啦～～～～像心电图，一会儿指环王，一会儿星战，一会儿跑酷，一会儿哪吒闹海，一会儿龙宫借宝，一会儿哥斯拉。
6,第一次看以赶剧情为唯一目的的电影。就像以N倍速看了三部片有种窒息感和呕吐欲，最可怕的是连对海王亚瑟这个角色的塑造都放弃了，看到最后也不知道这人是谁。温子仁的确厉害，很多戏单拿出来都是绝对出色的，但过度密集毫不停歇导致根本无法消化，就像有人一直往你嘴里塞你喜欢的食物，塞到最后也只能全部吐出来。
7,当时神奇女侠就一波人叫好（我觉得神奇女侠巨难看！！！当时在电影院根本看不下去，隔应的慌），现在还是一波人无线吹捧。。。首先我承认特效很赞，人很美很帅，但是剧情，人设到处充满了bug，整体有点无聊。如果是国内拍的可能会被很多人讽刺只有特效，可能6分都不到。各位醒醒吧🙃大片不一定就是好片
8,温子仁是个不错的工匠，将成功的好莱坞大片的经典元素拿来一锅端，指环王星战星际迷航速激伯恩碟中谍哥斯拉等等的优点轮番上，不停的做加法，让你从戴上3D眼镜的那一刻起，就觉得特效场面在不停的大大大，直到让你眼花缭乱，眼睛不知道看哪儿，这个过程也逐渐丧失乐趣和思考的能力。他就是要让你无法思考，这种大大大赶赶赶的剧本，一思考就全完了。超级英雄电影到了温子仁这里，竟然走了指环王的路线，倒是确实跟漫威不一样了，以前也没人这么拍过，可惜导演一味的追求速度，情节太赶，赶着赶着连海王这个人物都没了，爱情没了，就剩下了色彩绚烂的特效，经不起一点回味，最后也真的成了那种只能卖特效的片子。如果你只想看特效？那这片子倒是适合你。
9,豆瓣分数明显虚高，一会儿就从8.5降8.4了。吹太过了吧，是因为DC让人失望太久，粉丝饥不择食？娱乐性是有的，可是从头到尾没让人激动的地方，倒是七仙女董永相会有点感人。海王只靠外语就拿到黄金三叉戟是认真的吗？还买一送一附赠性感内衣。最让人失望的是，DC还有自己的风格吗，毫无辨识度。
10,傻愣的台词，廉价的道具，浮夸的磨皮。除了几场戏调度不错，其他方面都太一般了。有时候，我甚至会产生错觉：这完全可以看成卓戈卡奥统治七国的故事，只不过是海底的七国大陆。这也完全可以被调侃成人猿泰山和小美人鱼的爱情历险。总之它的视觉效果和文本架构就是很容易让人分神。到头来，免不了还得夸一句：DC真的进步了！
11,当陆地人为自己的文明沾沾自喜时，亚特兰蒂斯的服装设计已经领先我们几百年。
12,吹过了吧，虽然质量不错可是也就超英（aka漫威）平均水平啊？？这满眼的即视感为啥要吹得前无古人？？
13,温子仁就像一个从没拍过特效大片的暴发户。两星半，降降火。
14,极致绚烂五光十色的爆米花，而且，明显有些过于“绚烂”了，如果拍电影真的分匠人和大师，那温子仁绝对就是匠人那拨里的领头羊了，他非常聪明地吸取了DC以往的经验教训并取众家之所长，虽然，他的幽默感显然没啥长进，但，人有格斗戏啊，谁能想到一群海里的人打架还可以拳拳到肉呢（笑）；至于主线剧情人鱼相恋、争夺王位、同族内战、千里寻宝什么的，都太太太见怪不怪了，另外对于海王如何与弟媳两情相悦并最终走到一起这部分，温子仁显然砍掉了很多戏，这点俺很不满意；最后，看完这片产生了一个很厉害的想法，每年都有人鼓捣《西游记》，当国内投资人看过这片后，相信短时间内大概非常有望看到一部东海龙王solo片了，选角啥的也不用太费力，导演，当然还是请温子仁，片酬，至少翻两番，至于主演，听说香港有位长相非常洋气的艺术家最近没戏拍，嗯。
15,球球你们别吹了，这种剧情也能被吹上天？都什么年代了，超英片还拍的这么套路？换汤不换药的剧情，特效还是最大的特点？首映全场大家鼓了两次掌，但除了男女主的颜和感情戏，片子丝毫没有打动我的地方。笑点也笑不出来，太多其他片子的影子了，甚至相比之下我好像更喜欢JL？JL看了两遍都觉得还ok，海王不想二刷了。开局8.5，还会掉的。
16,挺一般的啊，剧情基本都能猜得到，莫名其妙的沉重，莫名其妙的和好，刻意商业的尬聊幽默很出戏好吗
17,剧本，导演都有问题，很多片段都似曾相识，硬是凑了两个半小时真是辛苦了我的膀胱。然而剧情不够美工来凑，海底阿凡达，温子仁难担大任，DC要超越漫威还有很长的路要走。
18,白娘子水漫金山啦
19,过程中曾经联想到的大概有：黑豹、阿凡达、指环王、大闹天宫，甚至还有吕克·贝松那部迅速被人遗忘的《千星之城》，但最像的个人感觉是......圣斗士（海皇篇）。妮可的颜值完爆希尔德，温子仁怎么好意思让她当帕特里克·威尔森的娘？两人实际年龄相差不过6岁......对后者是真爱无疑了
20,故事果然还是DC常规水准，营销能力那真是突飞猛进了，有点好奇温子仁拍西游记定海神针篇会是什么效果。本马王粉反而觉得本片最帅的是前面拉了皮的威廉达福……
21,剧本太傻了吧…服装老师差评（但被影院里观众的热情震惊🤯信念感真的太强了
22,此番DC完全摒弃暗黑元素，通篇逗趣诙谐。海底版《阿凡达》、水下版《星球大战》、汪洋版《创战纪》，情节撞车《黑豹》，细节惊现《侏罗纪公园》。多场打斗戏长镜头拍得好看，Amber Heard美得不可方物。最爱海王海后手举红光沉入海沟国的桥段，阴森诡异、剑拔弩张，很有质感。果然，我还是更爱拍恐怖片的温子仁~~~
23,3.5 虽然片名是aquaMAN，但电影所有伟大的瞬间几乎都属于两位女性。
24,温大侠还是品性难移，每次对话没讲完和歌没放完的时候就突然爆的一声，吓人吓上瘾。还是说，你们要把三部“魔戒”的体量塞入140分钟的电影实在太赶时间。
25,得到一把武器就能拯救全世界…这种空洞的游戏设定和狄仁杰得到亢龙锏就能拯救大唐有什么区别…
26,好像有些人格外强调了导演的肤色和身份，这是不是有点过度认同了？温子仁除了皮肤是黄色的、名字是华裔的，其他的东西都是正宗的白人好莱坞的东西，我们在肤色认同上的过度敏感，反而说明我们依然缺乏自信和判断力。影片本身也就是强度放大的平庸超级英雄电影。
27,吹得太过了，就是一个特效大片，视效确实好，一流的爆米花，也无法掩盖中间瞌睡连连的故事，热评那几位是这辈子没看过几部电影，还是收钱了？科幻神作、超越阿凡达、商业巅峰，这种词也真好意思用啊？
28,怎么说  吹过了  没有那么好看 
29,怎么讲，前半部分还挺商业的，节奏快科普性又很强，有点傻瓜看片的感觉。后半段就很放飞了，可能是把一百三十个神话揉在一起，够热闹，够魔幻，符合海王的胸大无脑人设。适合朋友们聚众笑场观看。
30,海王是周天子，他弟弟是秦始皇。你选择谁？
31,今年特效量最足的电影，比漫威强。钞票随便花，预算很宽松，depeche mode的it's no good出现的毫无意义。论视效想象力完全被千星之城秒杀，吕克贝松太冤枉了！
32,情节就是个小朋友睡前故事级别
33,吹过头了吧这片子？走视效技术路线的话请拜托有点高级的想象力和审美好吗...人物还是相当无稽啊，看完我只想说超英电影我还是只认漫威💆🏻♂️
34,最后对决请提前半小时到来。
35,咸水国大战看饿了
36,视觉奇观疲劳，大量的探索与打斗让人逐渐麻木，唯有海沟国的恐怖与血浆段落拍出了所期待的温子仁风格。综上所述：一般~~~。
37,3.5吧，有两场追逐戏不错，一个爆炸爆的很漂亮
38,68/100 维护世界和平这类身怀大义的类型片最重要的永远是人物动机，解决不好这个问题从头到尾都会感觉少了些什么。另外如果人物成长也没能充分展现出来，那就有可能危险了。展现细腻的人物情绪显然不是创作者们的强项，从三次重逢干瘪的现场，以及阿瑟和他爸对话时感觉两个人好似不太熟就可见一斑。但海王故事的框架很厚重，融合了多种类型片，有温拿手的惊悚、还有冒险、动作、战争等等，加上令人眼花缭乱的视觉效果，总算是让观众值回票价吧。
39,直到中段才解决我“为什么海洋和大陆共享一种regime”的疑问，原来是传说中陨落的人类之城，所以“本是同根生”啊。这次超级英雄的蜕变走的是古典路线，回到了古罗马文明（更准确地说是神话中的王子成长叙事），而不再是嚼烂的冷战叙事。全片也充斥着对久远无考的文明之膜拜、敬仰，历史厚重感盖过了类“黑豹”的粉丝向服化道（看完还是觉得这个审美实在无法与中土世界相比，像是cosplay）。故事从“原初失落”开始，主角被自责和half born bastard的身份驱动，同时先天下之忧而忧的设定虽然被抹上罗马风味，但还是忍不出想了一下中国式庶子上位故事。至于为世界和平停战，不过是因为权力更迭，海洋和大陆（象征着国家之间）才能继续保持着动态的张力，毕竟你我的边界都需要对方的存在才得以成立，不算大同。3.5
40,什么嘛，这不就是孙悟空找定海神针嘛！文戏无聊到恨不得有个遥控器快进，偶有几场亮眼的戏，但整体还是没劲，水下世界看得我内心毫无波澜，严重怀疑有些人对超英片的评价是不是只剩一个“场面宏大特效出色”了，拜托别一个个都跟第一天看电影似的行吗。虽然这么说，但是妮可基德曼实在太美了太美了太美了，三颗星全都给她，其他的都退下吧。温子仁拍这种片还要夹带私货，真是辛苦。
41,美术可能是个精分，另外谁说像西游记来着…好魔障哈哈哈
42,完蛋了，想起来满脑子都是老西游电视剧的当当当当的前奏…………视效挺好的，看完特别想去吃烧烤海鲜什么的……试问谁看到蜘蛛蟹出现的时候能安心坐得住……看到那么多钳子和腿满天飞，好像放熔岩里烤烤吃啊
43,一点都不DC，十分漫威。爽片。3.5
44,海王，一位集妈祖、孙悟空与哈利波特于一身的奇男子。让人很介意的是环保的事情最后就这么不了了之了？弟弟倡导保持海洋环境卫生有什么错啊！
45,蠢得有点可爱的电影，非常直，一点弯都不带拐的，确实跟漫威不一样，故事像一个老套的武侠小说。温子仁也是一个技术控，全片特效镜头数不胜数，看到后来已经彻底疲劳，而且前半段都是海底的场面，比较暗，看3D就更费劲了。
46,视效风格的不统一是最大问题。不DC不漫威，视听语言在超英片里排在第一梯队，“几乎重新定义了超英电影的空间感”+1，IMAX体验很好。可惜第三幕明显没招了。后增：温子仁的视听语言基础至少比罗素兄弟扎实十倍。从电影主义的角度看，《海王》是那种最值得过誉的“烂片”，内地完全接受无能的《寂静之地》同理。两者都没有“好故事”（但也是完整和不垮塌的），却在空间的描摹上展现出了高度的执迷和敏锐，虽然倚重的手段可能会有视觉和听觉的分别，但都是在充分发挥电影形式和当下技术的优越性（大部分商业片只着力发挥技术的优越性）。加上底子更好的《碟中谍6》和《头号玩家》，堪称今年商业领域里最“懂电影”的四大将了。
47,新瓶装旧酒，技术层面之外乏善可陈。
48,？所以为什么不消灭人类？？？
49,豆瓣的评分，要么6，要么8。我想还是6吧，否则对不起8分的其他电影。还有，希望超级英雄类电影赶紧完蛋，这么下去好莱坞的创意枯竭的速度还会继续加速。
50,和《正义联盟》一样，是DC目前最好的水准，材料堆得很足，有哥斯拉级的海王坐骑，有小动物一样的红毛蛮妹，比《黑豹》热闹有趣的异族王国和肉搏争王戏码，有海里抗潜艇的拉风出场，有《指环王》场面的海鲜战争，场面做的都可以，且尽量避免重复，看着不瞌睡。但也有问题，比如角色聊着天突然“咣”一下就有人冲过来的桥段全片用了至少三次，初见是惊喜再三出现就是笑话了；还有弟弟为发动战争而争王好歹有个理由，而海王去阻止的动机就没什么展开，这点上电影倒是十足人类本位主义，全片死的全是亚特兰蒂斯人，这样看着就憋气还无趣，换言之，这个“英雄”的塑造是站不住脚的，反倒是童年时水族馆那场对“王”的表现非常煽动。男主角出场是个跟毛子水兵都熟稔的愣头青，角色身上的自在和仇恨写的都算可信，在DC角色中属于稀有的可爱人物了
51,"曾经有个姑娘，她没有美若天仙，但在你眼中也是一见倾心，她不会甜言蜜语，但却字字走心。
姑娘想成为很火的主播，但大家并不是特别买账，有人说姑娘不爱笑，有人说姑娘不够漂亮，他们更喜欢另一个主播，那个主播出道多年，深知说什么话大家爱听，还很会化妆。
后来，姑娘把自己整容成了网红脸，说话风格也变得普罗大众，果然获得了一片好评。
你可以爱她，也可以不再爱她。你知道你永远不会讨厌她，你想，这样对她来说也不错吧。
但是你心里可真难过啊…"
52,读得罗马史 抱得美人归 n.b. Romulus传说中就是弑兄 at 大融城
53,《速度与激情之海底漂移》。这个故事告诉我们哪怕是氪金也要爆橙装是非常重要的一件事情，以及任何宇宙里拥有茂密长发的哥哥总有一个发际线后移的弟弟跟他相爱相杀。海沟国一下兼顾了深海恐惧症和密集恐惧症两者，非常贴心。
54,温子仁的一部分恐怖片调度用在这部电影上意外很是奏效，特效场面也做得还算不错，但高潮戏真的很聒噪、很无聊、很质感廉价。《海王》和《神奇女侠》最好的部分都是开篇段落烘托出的一种“神话”氛围，最糟糕的部分都是后半段落入让人白眼的以武抗武的原始人般的狭隘逻辑。★★★
55,80%篇幅的海底奇观，简直是密恐患者的视觉灾难！这情节设置…还是娱乐大片原来的配方啊，但温子仁通过技术上的各种巧思（如意大利屋顶追逐戏一个流畅的伪长镜头囊括了两条打斗线）弥补了过多小高潮带来的观众在参与上断层与疲乏等问题。接近两个半小时真的太挑战了！😪
56,凌睿到底在说什么梦话，这年头为了迎合大众已经闭眼夸成这样了？温子仁行不行，行，海王行不行，不行。我喜不喜欢这部电影，不喜欢，我喜不喜欢杰森莫玛，我要嫁给他。男女主感情线行不行，不行，骨科是不是真的，是。海王最牛逼超能力或是在水中永远不会被长发糊到眼。
57,看完《海王》第一感受就是想看《人鱼帝国》，不知道还能不能上映啊...
58,好一场海鲜大战！
59,没想到水下这个样子的花花绿绿就把大家给惊着了，要求其实真的不高，也是，毕竟抖音快手不给人审美上的收获。这个导演很能模仿各种成功的大场景桥段嘛，粗暴的电视级手法，只有展示没有灵魂，相比诺兰透过蝙蝠侠对世界做过的深刻解释，海王可能确实是带大家打打游戏就好了。
60,美术配色质感上都缺乏细节 风格也凌乱 海王最后的玉米造型不行啊 不能跟阿凡达比 更别提魔戒了。海王很可以。
61,派脆秃很努力了！发际线都这么高了还梳了个这样的发型，而且台词耻度还这么高
62,情节实在太赶太赶太赶了，走马观花，所有人物都像是赶着回家奶娃一样，毫无停顿和沉淀，禁不起深思。要是把节奏放缓，这片子估计拍成三部。。不过形势所迫，温子仁能把握到这个程度也不容易，大场面的调度、运镜和转场还是厉害的。西西里岛上那段追逐戏的镜头运动配得上牛逼二字，基本相当于把《招魂》系列里各种逼仄空间的镜头运动放到了更广阔的天地，大有作为。
63,各方面都不失DC水准，但在电影院只感觉到疲惫。以及希望这种视效大片可以控制在90-110分钟，143分钟是在挑战观众对3D眼镜忍耐力和膀胱的持久力。
64,从海里爬上陆地生宝宝，生完也不管拍拍屁股走人，让孩子长大自己回海里。我说的不是海龟，是海王他娘.....
65,🐸战士太出戏
66,徐锦江电影宇宙！
67,直男们你们看得开心就好。
68,因为期待不太高所以看时居然有点小惊喜！很多场景本来挺装逼的但实际效果却特别二... ...妮可基德曼一如既往的美丽！另外海王最后的形象像个玉米棒子精。
69,感觉没有推荐的那么好看
70,深海版黑豹aka黑海豹，连密恐部分都可以一样我也是服了。真的难看，我现在只想看ginger系列的色情片洗洗脑
71,和大多数的超英电影一样，走出影厅就忘记了。。。玉米粒战衣丑爆了。。。所有好莱坞的怪物都长一个样。。一大坨堆在一起好恶熏惹
72,在IMAX厅看的，特效一如预期般出彩，但很可惜的是，剧情实在太薄弱了点，人物也很功能性，完全不足以撑起这样的特效，虽然我很爱DC，甚至还穿着“正义联盟”的主题帽衫，但什么堪比《指环王》、《黑暗骑士》的言论简直就是屁话。 
73,温导，商量下能不能海沟族大冒险来一集单独的？觉得那里最猴看惹。另外。为什么我那么替奥姆感到惋惜啊！真的是从天而降一个哥，刷拉拉未婚妻没了三叉戟没了王位没了妈有了又没了。
74,孙悟空大战银枪小霸王mix沉香劈山救母mix董永七仙女 谁跟我提阿凡达星球大战超人跟谁急 中华民族伟大复兴的号角已经被温子仁吹响💪💪💪英皇IMAX北京市区最佳了
75,最大的赢家难道不是两位女性？妮可就不说了，把她弄到哪里都灭不了她，她都能好好活下来。公主被国王爱，但她不爱国王，于是就把自己爱的男人扶上王座，她还是王后！
76,sorry 有种大闹天宫即视感 另外想知道妮可基德曼是怎么保养的
77,优秀的特效！俗套的剧情……男主女主给我感觉像是徐锦江和迪丽热巴在谈恋爱。海盗孤儿真的很像红眼果蝇。这个故事告诉我们，金角大王比银角大王厉害，理科生一定要在有强悍动手能力的同时保持自己的文学修养，否则就会被学历史的文科生爆头。
78,靠刚进海沟那段值得多给半颗星，温子仁在影像上的把控力的确是现在好莱坞导演里排前列的 7.0分★★★☆
79,马王就这样变成了海王……你问过风暴降生丹妮莉丝、铁王座的合法继承人、七国守护者、龙之母、大草原上的卡丽熙.龙妈了吗？
80,《宝莲灯》海外版
81,这几个热评也太膨胀了吧，你们是哪里来的自信，拿海王去和指环王比啊。。。是不是太久没吃海鲜给你们憋坏了？确实是一部合格的爆米花大片，DC这次终于能把剧情讲明白了，也真是不容易。
82,一个视觉冲击较大的情节：海王的爹妈分开20年后，老爹正常的发展成为一个谢顶大肚子的中年男人；但是老妈容颜完全没有变化。。。
83,海王的装备就跟电脑弹窗页游一样一刀99级 
84,但海王本身长的就太不符合我的审美了
85,看的我困……除了第一段海王妈的打斗，海王潜水艇打斗的运镜有点意思，海沟国开场的小惊悚以外，其他时间都很无趣……剧情就是拼盘故事会，审美更是一级糟糕，亚特兰蒂斯就是海底彩色LED 灯带俱乐部[微笑]温子仁拯救DC ？我看DC是没得救了～另外，按照海王拿到三叉戟就能当海洋领主的逻辑，我觉得孙悟空更适合当海王，1.大圣的棍耍得更好。2.如意金箍棒战斗力应该是秒杀三叉戟的～再吐个槽，海底生物为什么还要坐航母？！
86,说它大杂烩真的不算冤枉它，前面是超级英雄耍帅片儿，突然到了意大利变成了旅游风光MV，追兵到了以后变成屋顶城市跑酷，终于到了海沟国故事又变成了目连救母。。（不过海王目连不够厉害，还是要靠妈妈救女朋友），终于拿到祖传黄金三叉戟，号令群雄莫敢不从，跑去和奥姆大战，又是哪吒闹海的既视感，蛏子螃蟹皮皮虾，乌龟鳕鱼福寿螺，嘿这叫一个热闹。让我想起以前戏曲白蛇传去乡间演出的时候，演到水漫金山这一出，乡民老大爷敬畏地说，嘿好嘛，合着这白蛇还是个水蛇！一招呼把附近所有的海鲜都招来了。（呃，看完真的就，很想吃烤海鲜。
87,抄袭《黑豹》真的不脸红吗？
88,天下为公大一统，最后靠的还是嗓门和个头
89,海王后来老穿着衣服，我就困了。
90,算是个爽片吧，剧情是西式奇幻加中式武侠，叙事节奏是温式无尿点。特效看起来不错，但没什么想象力，比较廉价。人物造型不喜，满满的塑料感。
91,耀莱成龙五棵松店2018.12.9.4:45pm 皮诺曹、海的女儿、西游记的金箍棒和亚瑟王的石中剑，超级英雄、环保主题和特效大演练。
92,短暂的叙事环节结束之后，扑面而来的春晚式美术风格与锣鼓喧天的动作场面，成功治愈了我的睡眠不足。
93,一群夜叉叉来叉去，就是为了抢一个远古的大金叉子，那个大金叉子其实就是个话筒。。。。好吧，我又在影院睡着了。。。
94,哈哈哈哈我的天呐！英语版西游记之东海龙宫！全程无缝连接西游组曲，每一个桥段都是二十年前的，没有哪怕一丝丝惊喜，特效就是普通商业大片的特效啊，就这还拳打阿凡达，脚踢指环王呢？反正也不是第一次被dc粉骂了，所以以后DC粉就憋说自己是有深意别人觉得不好看都活该看爆米花电影了好吗！三星给妮可和女主的高颜值！
95,剧情很水，特效很好，有几个场景特别温子仁，这是dc最传奇最神话的一部超英了，比神奇女侠还神话，所以还挺难有代入感的。零点首映简直了，每一个小高潮点出来的时候，就各种尖叫鼓掌，让我怀疑我根本就是一个小透明。
96,第一次首场，第一次午夜场，凌晨两三点的街道好过这部电影。
97,确实比DC宇宙之前交的那些作业高了一个层次，温子仁可以说是DC的救星了，还夹带私货玩儿了把恐怖惊悚，几个地方镜头美哭，但就是节奏太紧了，一直打打打乒乒乒咚咚咚，一点儿喘气的功夫都没有，看得特别累，看完也不知道海王究竟是个什么样的性格人设，可能是片方觉得，反正大家也不care，拼命露肉就对了？
98,一部融合了太多其他作品既视感的电影，反而失去了自己的灵魂。特效看着昂贵无比，却还是没有做出美感。温子仁的惊悚恐惧与DC的暗黑相辅相成，海王的美好肉体与撩人眉眼堪称一绝。已然进步不小，可究竟是否配得上漫天胡吹，还请各自心证。我到底还是爱DC，愿它越来越好。ps.那个充满肥美螃蟹小龙虾和鱿鱼的海底王国到底是什么美好天堂
99,Karathen太帅了！
100,喜欢海王的都是些性生活没有真正达到灵魂高潮的人~
101,大家是不是对口碑炸裂有什么误会，这部片明明是低幼童话啊，动画片的素质。第一部海王电影人物就立不起来，而且里面所有主要人物的人格都是扭曲的，不明白为什么满手好牌却要打成这样。如果只谈特效的话，海洋的部分有海洋馆和海鲜市场的感觉，亚特兰蒂斯文明是游戏效果。所有剧情都是被推着走，感觉未婚妻的角色完全有自己当女王的素质，还不如让这个混血小子傻乎乎的在陆地上陪着老爸喝啤酒呢。
102,首映排队领叉子，DC越来越标准商业效果片了。什么阿凡达？本人不爱（捂脸）。
103,大咕咕鸡看了肯定很高兴，海鲜打架
104,目前詹姆斯温最令我失望的电影……特效堆砌，音响轰炸……吃不消
105,整体满满的中二感，海王的智商还时不时下线，都8102年了还在玩上个世纪的爱情梗。亚特兰蒂斯完全满足了我的幻想，战争场面也很精彩，为了湄拉加一星。
106,在西西里打斗的两组长镜头设置很巧妙，连接反派视角和主角视角，主观视角和全局；但水下的镜头过于五彩斑斓和荧光色，有点游戏感，男主整体角色设置比女主逊色不少，没任何作为hero的personality，真应该叫《湄拉和她的副手》
107,看完海王以后游了个泳，感觉略有提高。看评论都在拿海王和阿凡达相比，我觉得差很多，因为海王里眼花缭乱的是以全景、王宫和各式武装战舰（军用科技）为主，只提供了一个新世界空壳，亚特兰蒂斯人怎么生活一概不知，而阿凡达的奇观大多是生活细节（民用科技）为主，观众随主角一起观光游历了新世界。两者趣味倾向截然不同。最喜欢的段落是西西里岛，这都不算奇观了，只是走马观花的异域。此外弱气小男孩转场就长成胡子鸡肉大叔也太惊悚了。
108,3.5 “那他就是你们的王”
109,挺好的，水的特效很耐看，虽然所有文戏都跟屎一样但是本来也不怎么指望所以反而ok，而且看到最后我居然也能接受这个金配绿的乡土审美了是怎么回事…but，黑蝠鲼是黑的我可以理解，但是一定要自己喷漆吗？不能更炫酷一点吗，比如变色啥的。（另外，硬要说的话，妮可·基德曼太高了，非常不得劲儿
110,我看出來了，海王不是大狼狗，也不是薩摩耶，是個哈士奇，花吃妹子是母的，正好配一對，千萬憋說不信，海洋生物真是太多樣了，克總都長螃蟹鉗子
111,很帅气的海底世界，和一个有点傻气的故事。段落叙事一点点展开，细节里总有点温导恐怖片的个人趣味。最后拿到三叉戟的过程也太容易点了吧！比起来还是更喜欢Jason Momoa的马王~三星半。
112,一群吹牛逼的海鲜
113,如果一场对话戏太长，就会被炸掉。
114,"嗯，143分钟的海王，有尿点，本来可以将两部电影的故事（安徒生童话前传+星球大战中部曲）生挤进了一部。DC的果然不是漫威口味的爆米花
惊喜点：海底世界生物大合集，还是超大型。譬如海马，就真的是马了，为啥纪录片里的都那么小只。海底暗黑系的赶脚还是蛮不错哒
不知道是惊喜点，还是槽点：
海底最可怕的怪物，已经不是大乌贼了，而是大乌贼和哥斯拉的结合体
妮可基德曼出来时，我是惊异的，竟然也参与了这类型的片子，说实话，有点穿越
武士发型出现的时候，我也是惊异的，这片子要混合多少风格
嗯，亚特兰蒂斯的士兵有点星球大战里克隆军队的赶脚，特别是武器
其实，我想不明白，就传统童话天赋异禀就好了啦，为啥这么高科技，亚特兰蒂斯真的科技范儿十足。估计我还陷在原始的古老波塞冬神话吧，嗯，还提到了匹诺曹，导演杂烩杂的厉害"
115,真的那么好看吗？剧情走向的每一个环节（就连笑点）也都太容易猜了吧，看的我全程冷静到打哈欠…唯一视觉上享受的是密恐那一段。评论一片赞叹我是看不懂了…
116,比较失望，特效应该是为剧情服务的，可这剧情真的很傻X，对白更是尴尬，看的我又晕又困
117,很矛盾的。特效很一般但是场面很宏大。演技很一般但是没有但是了。就是感觉一部电影融合了冒险科幻动作，仿佛看到了星球大战、指环王、碟中谍、西游记。拿金箍棒的美猴王战胜了虾兵蟹将。
118,老丈人计划通，不管兄弟俩谁掌权都能留一亩三分地。从软萌小孩进化为c罩兄贵的视觉冲击有点过于强烈了
119,8.1虚高得厉害，也就6水准。跟黑暗骑士差了16个神奇女侠。除了视觉，内核很空，可以更名为海鲜饕餮之王子复仇记，或者七海龙王之哪吒闹海，或者公主奇遇记之莫名我就爱上你。一杯热茶公主爱上了灯塔之子，一束玫瑰公主爱上了半血王子。DC花瓶比隔壁耐看很多，再次强调寡妇红发黑衣无人能敌。
120,"港譯名看來是譯女主安帕小姐,  她用啥水都可以!!  好看是男女主的化學作用, 很搭......紅色頭髪好看的女孩很少,  她已占頭牌......畫面好看預咗不能算優點,  反而紅眼怪最後遇到的亞洲科學家在蟻俠是FBI, 一人單挑兩大宇宙!!  最奇是魚佬擔心弟毀大陸, 是否多余, 陸人還有神奇女快快孩蝠娃呢....."
121,真的有剧情和人物塑造吗？节奏踩得是不错，剪辑也挺好，但最好看的还就是有恐怖片感的那一段嘛。
122,没有人物塑造。海王的自我认知可以深挖的点那么多，最后却沦为借助外物的升级，这就太斗罗大陆了。温子仁还是去拍cult吧，招魂多好
123,说实话dc没漫威好看，说效果好，也就那样电影全程黑漆马虎的，海里画面暗的经常看不清还有海底世界效果让我想起了孙悟空去找龙王，连里面的小兵都像出自日本漫画或者电影很山寨，电影经常突然出现个什么把你吓一跳，看起来让我想起电锯惊魂也难怪导演是同一个人，没有想象那么好，也不知道豆瓣评分是不是被刷上去的，故事线就是跟黑豹类似，中间男主和女主穿越一会儿沙漠盗墓一会儿到意大利小城镇房顶跑酷，东拼西凑的，唉，挺失望的，个人感觉不喜勿喷
124,跟漫威学搞笑路线么？然而笑点尴尬，剧情也莫名其妙，不过温子仁拍的动作跟画面还是很棒的。DC估计是回不到以前的样子了，还是继续看动画片吧。
125,无感。难得一个父母双全的主角……
126,这部片与mw今年片的区别在于，这部片真的打动我了，虽然他有些方面还是很套路话化，还有点尬算不上上乘之作。但至少我看到了温导的诚意和dc的改变。
127,初雪的上海 趕赴一場講述愛與成長的故事 視效走心 大洋逐個過場  偶有幾句質量過硬的句子  西西里島的古羅馬雕像是最下案頭功夫的了 劇情 人物性格簡單  台詞和戲份均少的亞瑟生父深情到難以忘懷
128,哈哈哈哈哈哈，三星全给特效！海王还是没穿金皮甲的时候可爱～故事稀烂就当爆米花电影看看过过眼瘾就好啦！
129,"这不是我想要的DC电影，就一大爽片无脑嗨，估计又是一部中国票房超北美的电影，希望票房好了还能有TDK,MOS,BVS出现吧"
130,一部具有温子仁特点的非典型性英雄大片。（海王的老爹造型实在是太弱了，陆地戏份一般，但进入海洋之后就开始奇观呈现。很多镜头转场、剪辑等亦非常可圈可点。）
131,虾兵蟹将的内战，会多国语言的陆上海下都吃香，最牛B的招数叫做同声传译。湄拉是女司机之光，反派的父子情居然感动到蜗了，无敌风水轮跟前面的特效比弱了点。海底的视效毫无侧重点导致审美夜总会。最大槽点是海王的任命是在海面/陆地上的，为买票入场的吃瓜海洋群众们表示不平。ps:细节不到位，跟朋友们一边看一边吐槽是另外一种欢乐 2333
132,3.5
133,空洞的精致英雄片。
134,老套 2018.97
135,好失望 除了几场的画面以外 一无是处
136,全程像在看异星电影，说吧，你们向86版《西游记》学了多少~
137,18127#跑酷像在看速极，鱼爬上船像在看恐怖片，女主角的红发就是典型的人鱼形象了吧，海王最后的黄金鳞片简直太难看了，妮可基德曼很美反正我喜欢，其它这个那个没什么太明显的缺点，就是太无趣了，中间真的看得我以为要睡过去了，不骗你
138,"憋了这么长时间，还是说点题外话吧。
超级英雄，更爱日系，日系更爱奥特曼，奥特曼更爱昭和系，昭和系更爱赛文，赛文更爱《我是地球人》，因为有人文关怀，有历史反思，有人与自然的二元辨析。
美系不是没有扛把子，而我只认没有超能力的蝙蝠侠。蝙蝠侠只爱黑暗骑士系列。
此后，漫威也好，DC也罢，陷入了票房，政治正确，IP等太多窠臼，矫情点说，忘了人本。
即便复联系列，看似高屋建瓴，俯瞰人世，也不过是“救世主情节”的反其道而行之。
现在这世道，恶人遍地，也只能在大荧幕上自慰。
算了，你们开心就好。"
139,叉王争霸战之混血王子。嗯，什么避水金睛兽，母夜叉，虾兵蟹将章鱼怪，鲨鱼精海带精悉数登场。瀑布后面去找金箍棒，不，亚瑟王找的是石中剑，也不是，是他太姥爷波塞冬留下来的五股锻金矛尾钢叉。话说这叉自带装甲属性，一旦蓝牙配对，就附送一套贴身软猬金甲。这片子顺便还解决了一道世纪难题，女友和老妈一起掉水里先救谁——结果是老妈把女友救上了岸。仙女老妈对银甲弟弟说，别和你哥哥争王位，你发型好可装备不行啊～女主老爹本来还带着一队金枪鱼来裹乱，一看自己闺女和男主好上了，心说总算闺女可以嫁出去了，还能混个皇后，立马就大叫，以后这个就是王～
140,公映3D
141,我是越来越不喜欢看3D了。前些年也被《阿凡达》惊艳过，近年印象深刻的则有《奇异博士》，但总体而言，不知是3D技术做得越来越水，还是院线的3D设备越来越省钱，总之是画面越看越蒙，色调越看越暗，都快把人搞成睁眼瞎了。再说影片本身，大片我看得真的太少了，但还是能看出来它有时像《阿凡达》有时像《千星之城》有时像《超级玩家》，惊叹往往只是一瞬间，马上就会被似曾相识所取代。另外它构建的海底世界，在个人想象中应该是以蓝色为主，围绕这一冷色调所作的构思也应该以冷兵器为主，可在本片中，海水里面动不动炸出一团火球，火焰和燃烧的介入，把海底和太空都快混淆了，特别是色彩这块，和个人理解的海洋的美感，还是相距甚远。
142,"完全是一个普通的科幻电影被豆瓣弄得虚高了，特效依然是非常优秀，打斗场面依然是震撼，但剧情好像简直是从儿童书上面搬出来的，至于画面就好像是各种影视的结合版，整部影片都好像是在为人类的罪行辩护，期待影片能把主题上升到环保，期待海王能解决人鱼共存的问题，期待海王可以现在联合国的舞台上……结果最后人类不知道有鱼人最后还不知道有鱼人，影片完全是接着“海洋”的壳，演了一场君王争夺战，虽然发起战争确实不对，难道不跟人类打就能解决问题吗？
海王争夺到了王位，他真的争夺到民心了吗？秦汉时选官是看出生的地位，想不到DC也玩这把。本以为彩蛋可以告诉我点什么结果就是个超级英雄电影最标准的彩蛋。
但我依然讨厌用看文艺片的标准来看待科幻片，整部片子的画面，导演也算是用心了！"
143,镜头很温子仁 剧情各种牵强 又被营销了 
144,1.视觉效果很牛逼  2.炫目的海底世界也不能掩盖故事的单薄  3.在一定程度上证明了混血儿的基因优势（？）  4.海王的魅力太弱，比不上又美又酷的公主，最后的考验靠嘴炮，还证明了终极决斗里装备很重要  5.不抱过分期待去看还是可以爽到。7分。
145,很多中国元素，海王很帅，战衣很丑，大金链子既视感。打斗戏不吸引我。最喜欢的一段反而是海王和红发女在西西里岛闲逛。剧情主线上，我觉得开头是反血统论的，但落脚点又还是血统论了。一些剧情硬凹，什么单向门啥的。最后就是作为一个环保片，人类没受到啥教育嘛。海底下打得生灵涂炭的陆地上人们还啥都不知道。
146,温导你能不能专心去拍恐怖片？这部电影唯一的优点就是看起来很好吃，那个大钳子和触手是椒盐好还是清蒸好呢？
147,豆瓣8分是认真的吗？大概是对胡子拉碴，满身都是纹身的男主第一观感就很差……特效真的惊艳，海底美轮美奂，女主也蛮美的，包括男主他妈也蛮美……不过故事真的简单的不能再简单，也没什么新意…
148,吹过头了……郭敬明的配色，爵迹的3D 动作，不像一部电影，也不像好的动画片，差不多更接近一部游戏的动画那种水平。这部游戏应该抄了雷神，狮子王，西游记，圣斗士（海皇篇）等等。目测没找中国的动作指导，打起来特别土。如果黑客帝国的格斗技术跟孙悟空差不多，那么海王也就到了 NBA 球星打架的水平
149,特效很棒，故事一般，如果我是弟弟，大概会气死：事业事业没了，爱情爱情黄了
150,一个大男孩被媳妇和老妈push得让人心酸 明明他不想要那个王位和那把大叉子。身边好多东北女的就是这样，头拱地也要让老公和儿子有出息，不惜自摆苦肉计道德绑架老公和儿子。最后一刻他还在迷茫地问她媳妇：我打赢了然后该干啥？媳妇骄傲地站出来宣布自己老公赢了要称王，红发老丈人第一个俯首称臣
151,真的对什么“史诗”“宏大”“巨作”无感，凭什么让观众去理解和学习一切都是基于人类世界认识观出发的片子？？
152,3.5/5 真心觉得在看西游记东海龙宫，水族馆里的鲨鱼好可爱啊。温子仁把弟弟出场弄得好帅，但后面那个黄金圣斗士妆什么鬼。美术巨精分的地方就是独角兽色和夜店色用得不错啊，但金色用得都好jb丑和山寨！真的太受不了最后那个金甲圣衣了啊啊啊啊啊啊，继续让杰森摸吗光着不好么！我站（老）小王子啦，最后来一句“爱拯救世界”（WW也有这句，一毛一样！我当时还吐槽过这话要演出来不要念台词念出来）并没解决垃圾陆地人专坑海族这件事（中间n次被突然爆炸吓一跳，基友说是温子仁恐怖片拍多了233333
153,DC版牛郎织女后传吗？海王的人设多少有点像雷神。说实话看了预告很失望，但正片倒是好看的，至少爽感做得不错，最喜欢西西里岛上那一段，还是有些创意的。不过两个关键的转折点靠的全是“命中注定”？这种套路也是让人瞠目结舌，导致我后来对于反派奥姆王产生了某种同情。还有就是主题是“同一个世界同一个梦想”吗？愿景是好的，但左得有点过头。
154,七分。海底两万里的特效 人兽鱼舰的战斗都是极好的，但是缺少故事 看不到海王的成长。导演没有讲海王与父亲的感情 也没有仔细讲海王的心理变化 就算被推着走 也没有给出足够的动力。好作文从来不是靠把字写漂亮拿的高分
155,不能说不说好但是就分数来说，对好多七分多的电影不公平。咸水族，海鲜大咖来咯，客官里面请。琥珀美，比年轻的基德曼还美。
156,对超英电影已经无感了，尤其是这部电影在水下没有物理概念的夸张感觉很脑残。
157,感觉如今超英片难有突破啊，故事和中规中矩，但是视效非常棒，有的时候会觉得自己再看space film，1.6亿，温导绝对是成本控制高手。奥姆挺惨的，亚特兰蒂斯之王被身边的所有人背叛，而且是从小背叛，但是导演待他不薄，最好看的打斗场面是跟着他的脸拍的，啧啧啧。其实与其说这是aquaman诞生记，不如说这是King Arthur成长记。以及，我特别喜欢第一次梅拉带亚瑟去海里，集装箱旁边漂浮的啤酒包装塑料这种细节。人类啊，善待海洋一点？edit:昨晚仔细想了想，发现我还是真的不喜欢这种武力决定权力，born to be的人物。完全看不懂Vulko的人物逻辑。
158,剧情一般，特效惊人，主角养眼，雷神同款男主+蚁人2老妈没死桥段+黑豹兄弟争权戏码
159,比黑豹难看3倍
160,都是套路，但是看得很高兴~
161,除了没剧情，其他什么都有，温子仁目的性很强，而且大抵比较成功。
162,海娘家里打架、海王兄弟首次干仗、意大利小岛追逐、海洋生物大战四处小长镜头调度值得欣赏，温子仁标志性的跟随目标侧转镜头开场潜艇内已展示，以及突然惊吓。接下来全是缺点，奇观和世界观的堆砌，硬要把不可能容下的东西塞进一部，不停地科普背景、不停的堆砌奇观，不是在打就是在说，基本做到了但凡能说出来就不靠镜头叙事，最好是边说边闪回一边儿有画面一边儿口头儿讲解，标准的反电影主义者阵营大餐。一部好莱坞大片儿看完不知道主题音乐是啥，哼不出来，已经说明问题了，没有主题的电影难有带主题的音乐，东一榔头西一棒子的剪辑和过多条线，都难以让配乐做到每段与每段衔接，相映成趣就别说了，根本就是一花一世界，一段一旋律，不但如此还致力于章章都带感，段段都起范儿，完美做到了段子电影的高度。
163,收回五星预评。四星上限了。剧情实在平庸到无趣，没有半点嚼头，人设方面海王身为主角还没有正联出场来得有意思，光芒全给周围的人盖掉了。视效上瑰丽的场景全在海底…不过没有达到我的预期。配乐除了引用开头西瓜肉丝的那首就没有令人欣喜的了，还是很平庸，达不到BVS Hans Zimmer的万分之一（为扎导不值，厚重的经典因为众人不懂欣赏就低评，纯迎合大众的炫视效之作就炒热）。最后…全篇我唯二喜欢的是奥姆和黑蝠鲼我会说？
164,2.5吧，每个场景都跳脱啊，各种不搭，看得一路睡着。。。
165,特效很牛。故事就是爆米花了。
166,好中二的片子&妮可基德曼都演男主他妈了...
167,迪斯尼风格的春晚合家欢，色彩比老谋子还鲜亮。适合领小学以下小朋友去看。
168,#ComboPack##BestValue##Amber演啥都美##除皱厉害#温导解放摄影机的手法好Literal……然而节奏感即使单场戏里也很糟糕啊，而且音乐啊不是一切声音的品味SUCK ASS#SkylarIStillLoveYa#
169,( ･᷄৺･᷅ )唔。。。可能我越来越挑剔了 画面是绚丽无边，但是这个剧情真的让人起不了波澜，永远都能想到下一秒故事进展。虽然一直是个声效画面控，但是故事无法让我有哪怕一丝丝的触动的影片，我也还是会只给3星而已。诚意满满值回票价是真的，boring也是真的。就，所有的英雄大片都要有主角或者配角是混血，另一个对主角生出妒恨然后打打打的框架模式吗？越来越觉得一直喜欢的杰克船长多么独特，亦正亦邪不务正业的主角才是真的超有趣阿。【以及，我笑点太高了？真的是全程面无表情看完，所谓的笑点部分真的。。。呃 尬】
170,妮可扮相粉嫩得，感觉海马和帕帕都是她男朋友，抱着头母子情深的场面总感觉要亲上去了——尤其是跟帕帕说I love U的时候……好变态
171,挺中二的，不得不承认温子仁给DC宇宙里的严肃癌打了一支发骚针，整个观影过程被杜比全景声之类的音浪轰得我东倒西歪，感觉空气都在发浪，但论精彩的除了男主亮相时的媚笑，以及从悬崖上摔下去的弱爆了的铁皮小黑哥惨状，其他也没什么印象，温子仁保持了一贯力拉崩倒的气势以及能省则省的制片观，会算账的导演还是蛮重要的
172,故事老套，也就特效还不错而已
173,这种大概就是不太有感但为了场面必须去影院看的电影。故事弱的没法说，服装道具觉得是3D打印的，最后海王一身成熟玉米装出来简直了。
174,好像很一般啊，几个旅游观光片+一阵洞洞光光轰轰
175,好像儿童片……
176,龙宫征取定海神针。既然都温子仁了那海王他妈应该让维拉法米加演啊
177,三星半，并没有传说中的惊艳，只能说是一部完成度还不错的商业片罢了，与阿凡达这种开创宏伟新宇宙世界观的类型片根本不是一个档次的。片子场景借鉴了很多阿凡达和海难片的架构，人物造型则是阿凡达+异形+超级英雄+星球大战+星际争霸……，故事情节是三千里寻母记+哈姆雷特+欢喜冤家+夺宝奇兵……标准拼凑商业片的模式，不知道为啥那么多人沉醉于男主的身形和他爸妈的狗血恋情中……
178,特效牛逼哄哄，剧情还是有点弱，就是黑蝠鲼怎么弱鸡成这样了？？？尤其是那个头盔，看一次笑一次……
179,"“我不想当国王”
“我不想当国王”
“我都说了我不想当国王，你们别逼我了”     
“真香”"
180,就是把西游记 指环王 加勒比海盗 木乃伊 哈利波特 功夫熊猫 侏罗纪公园 星战等多部类型片的次要设定凑一起的片嘛，，
181,一颗星特效，一颗星视觉奇观，一个星表演。 大制作剧本套路一点可以理解，不过这音乐品味啊、人物弧光啊……海沟族才是正片开始
182,238/优缺点十分明显了 吹的还是有点过罢 炸裂的特效也挽回不了剧本的平庸 anyway仍是一场视觉盛宴 imax看的很爽 以及被湄拉的颜圈粉惹
183,哈哈哈这电影看得我很想吃海鲜大餐诶！海沟国的拿来油炸，撒辣粉。咸水国的避风塘或者清蒸。餐具当然用黄金三叉戟。老公看了1/3就睡着了，我说，你必须把自己的智商调节到五岁，一切就很精彩了！
184,剧情本身非常的简单和无聊，全靠宏大精美的特效撑起全片。男女主完全不来电全程尬聊，还穿插各种生硬的笑点。男主柔情铁汉萌萌哒的人设也很失败，耍宝卖萌充满违和感。三星全给特效和想象力丰富的海底奇观。
185,3.5，温子仁有点徐克的意思，用填鸭式奇观喂饱视听，深海元素不可谓不琳琅满目，夜景飙车，角斗爆炸，夺宝决战，样样都是大场面，但似乎缺了些深海式的alien感，总还是虾兵蟹将版的三百勇士，倒是西西里跑酷在两个平行舞台调度，相当炫技。英雄叙事在异域环境内爆发视觉大秀，试图用超能将人的困境延展为史诗。
186,都准备买票了，才发现北美比中国晚上映两个礼拜，好气哦🙄
187,妮可基德曼出现时，那身亮片贴身衣服呀，这审美是有大西洋底来的人那么古老吗。爱情、亲情都没空表现了，只有配色土得掉渣的海底特效可以看看了，所以一定要选个舍得用电的影院。
188,杰森嫁（cao）我。
189,7.5 开头亚当斯虐文斯卡特把我看乐了。君权神授什么的太无聊了，拯救世界的方法是杀一大堆同胞也够了，还是搞克苏鲁怪好一点。衣服是丑了点，不过画面绚烂，作为商业片显然是合格的。
190,每一帧都是特效，每一秒经费都在燃烧。海沟族那段夹带了些恐怖片手法的私货，新奇。剧情偏弱，场面宏大不等于格局宏大，比起蝙蝠侠黑暗骑士还是差远了。
191,一部大杂烩。/海王的大招不过是齐天大圣的基本操作嘛。
192,讲的是一个人，靠着尊贵血统和运气，没怎么努力就获得了无上权力并且抱得美人归的故事，吹得太过了，高饱和度的打斗场面显得俗气，看的眼花，服装武器建筑没有充分展示海底世界的特点，搬到太空一点都不违和，加分点是完成度还行，摄影不错，零星几个打斗场面还算精彩，以及两个女神颜值能打，7/10
193,特效是厉害的，剧情是赶的，人物是没有说服力的。几段戏拿出来看蛮不错的，mera和arthur在西西里和在沙漠的几段戏还是挺可爱的。粑粑麻麻导师都没死，有点不习惯了（另外弟弟也太老啦！
194,[世界][亚瑟·水行者]获得全服第一把橙武[亚特兰蒂斯之失落的三叉戟]
195,同是苦大仇深的身世、同是艰难的为正义而战，温子仁导演的加入，并没有改变DC严肃暗黑的主基调，不过却为影片抹上了一道亮色，比如“海王”本尊的救世觉悟就并没那么高。该片视觉特效的想象力及影像奇观的呈现的确很牛，说是海底版《阿凡达》《指环王》《星球大战》《侏罗纪世界》《速度与激情》…都毫不夸张。好吧，那场的海鲜大战确实唬住了我！但影片的故事则老套，可以看到N多影片的影子，比如漫威《雷神》《黑豹》“兄弟相杀”的主线结构及人设，比如《黑豹》那样明明无敌高科技却以传统的打架来决胜负，比如有咸蛋超人的中二风格，比如海王与三叉戟就非常雷同我们的孙悟空与金箍棒（水帘洞都一样）…另外，片中各元素塞得满满，片长143分钟略疲惫。其中男女主角的爱情戏颇为失败，还不如父辈那一小段爱情戏来的动人， 妮可·基德曼魅力也秒杀女主
196,非常cliché，明明已经是海底生物却穿盔甲，一股山寨星球大战的感觉；而且明明有魔力却用冷兵器打来打去，最后还是谁力气大谁赢，8102年了啊。
197,海鲜盛宴！！！濑尿虾和章鱼扭打在一起了！！！海蟹！！！海蟹军团出现了！！！天呐你看那个蟹钳又肥又厚！！！咸水国的子民看起来都很适合清蒸！！！加点料酒葱姜蒜都不用放盐！！！最后绝杀大招是跟悟空学的吧！！！天呐看完之后太想吃海鲜了！！！
198,纯娱乐片，有点看大闹天宫或哪吒闹海的错乱
199,贼尖儿无聊～几度串戏到 千星之城～可以说跟千星之城一个毛病：主角毫无魅力还又臭又长
200,海王亚瑟没欲望，国王奥姆没脑子。几个段落是打不过弟弟，抢弟弟女人，找到妈妈拿武器，干掉只会人海战术的弟弟成为王……
201,万达IMAX  特效不错，故事老套，都8102年了还是兄弟争权夺女人
202,因海王过分相似徐锦江而无法投入剧情
203,视效场面可看，故事老套粗暴，反派槽多无口。观影过程中脑海蹦出：孙悟空、沉香、张无忌、印第安纳·琼斯、少年派、黑豹、霍比特人史矛革、小美人鱼红发绿身配色、《蚁人2》和《驯龙高手2》的妈梗、《星球大战》暴风兵装备、海绵宝宝去珊迪家戴的水头盔……超英弟弟多混账，当哥的能咋办还不是选择（揍几顿）原谅他？发现海王演员眼睛有点外斜视，大银幕看略明显；居然没等到威廉·达福和妮可·基德曼的感情戏，我已经脑补了三千字女王忠犬文啦。
204,很一般啊，故事太四平八稳，可以说是偷懒了，特效还不错，但也看得人内心毫无波澜。但拿来和阿凡达比，真不知道想法怎么来的。场景必须为剧情服务，否则太无趣。
205,吹，继续吹……感觉整部电影导演只有在拍密集怪物袭击船的时候做回了自己很开心。
206,失望
207,场面宏大炫丽，场景布置道具设计都很用心多元，可惜也可惜在设计的多元上，冷热武器的对撞没有装出火花反而让打斗别的更加混乱，审美疲劳后则新鲜感全无。再加上剧情和漫威的黑豹同质化严重，只能说完成度比较高。温子仁的御用男主反派当的真窝囊。
208,咋个再多的特效也无力解救剧情的孱弱……
209,"还是没有办法get温子仁啦。（据说温子仁只用了1.6亿美元的预算，好了，省钱小能手，我get到了！）
前半段比较温吞，后半段才好看起来，片子实在太长了。
视效和动作设计真没话说，水中镜头本来就比较难做，最后这个效果算是超出预期啦。

海王的经历告诉我们，掌握好一门外语是多么重要。语言不仅仅是连接两个世界的桥梁，更代表着对两方世界的尊重。所以这部片子其实给缺乏身份认同的混血儿指明了一个新的方向——外交需要你们。
Nicole虽然正面有点僵，但侧颜无敌杀。"
210,可能期望有点高，并没有觉得剧情特效特别好看。但是男女主的颜值身材都太是我的菜了～另外青年海王有点像最近头发超级长的坤哥……哈哈哈
211,海洋和陆地的孩子连接海洋和陆地，故事和人物传统正派到不行。看人物在水里讲话总觉得他们嘴里应该冒出泡泡，全程觉得自己快要憋死了，另外最后的金色盔甲不能直视。
212,被豆瓣评分给骗了，失望，套路。别拍下一集了，反正我不看。最喜欢的是海马。
213,好费钱噢？？爆舔胸肌腹肌人鱼线一分、Nic颜值一分、海鲜大杂烩一分、什么？惊喜的剧情？不存在的
214,发现温子仁不可信 还是去拍鬼片吧… 这审美没谁了 通篇大写的尬
215,我对五光十色的特效没有意见，我对温导的恶趣味没有意见，只是当Aquaman穿得跟个穿山甲一样在海里大杀特杀的时候，我会怀念那个纠结许久，痛苦地拧断自己最后一个族人脖子的超人。而现在，好像只要Amber Heard半个奶子甩在眼前一切就都顺理成章地发生了，我们的英雄就轻飘飘地成为了海王。Long Live Marvel!
216,把宇宙战舰搬到了海底的感觉，但是很多地方觉得非常尬，而且剪辑至少4~5处很突兀，看的时候都觉得是不是这么多好评都是刷的啊……
217,爱好和平，天下无敌（翻个白眼）。
218,虽然海王很帅，不过确实很沙和尚啊？这种片子七分多差不多了
219,作为前传剧情套路.段落感明显.仪式化的场景呈现不断强调其传记史诗定位.沿袭DC一贯以之神如何为人的脉络.温子仁擅长的惊吓桥段让情节始终保持张力.海沟王国母女重逢力取三叉戟的桥段魔幻至极仿佛穿越加勒比海.驾驭八尾神兽独战众王的宏大炫丽场景媲美中土混战.情感线太扁美中不足.服化道略雷
